순번,자치구,구역명,위치,공공/민간,일반/재촉지구,사업유형,사업추진단계,기존 가구수(멸실량),최초,변경(최종),추진위원회,조합설립인가(사업시행자 지정일),건축심의,사업시행인가_최초,사업시행인가_변경(최종),관리처분계획인가_최초,관리처분계획인가_변경(최종),이주시작일,이주종료일,착공,세대총합계,분양,임대
433,강동구,천호3-2,천호동 397-419,민간,일반,주택정비형 재개발,추진위,307,2022-07-21,2022-07-21,2023-04-07,,,,,,,,,,420,420,0
434,강동구,천호3-3,천호동 532-2,민간,일반,주택정비형 재개발,조합설립,193,2023-07-27,2023-07-27,2024-02-20,2024-12-02,,,,,,,,,567,567,0
435,강동구,천호A1-1,천호동 467-61,공공,일반,주택정비형 재개발,구역지정,581,2024-11-28,,,,,,,,,,,,757,757,0
436,강동구,천호A1-2,천호동 461-31,민간,일반,주택정비형 재개발,구역지정,630,2024-03-14,,,,,,,,,,,,781,645,136
428,강동구,천호4,천호동 410-100,민간,재촉,도시정비형 재개발,착공,316,2011-02-10,2011-02-10,2012-02-10,2013-04-11,2016-05-17,2017-02-22,2023-09-25,2019-07-31,2025-03-28,2020-01-01,2020-11-30,2021-12-31,670,499,171
429,강동구,천호8,천호동 166-4,민간,재촉,도시정비형 재개발,조합설립,196,2006-10-19,2021-11-04,2022-08-04,2024-01-16,,,,,,,,,520,363,157
184,강북구,미아2,미아동 403,민간,재촉,주택정비형 재개발,조합설립,"3,563",2010-03-18,2020-08-27,2004-09-06,2016-05-31,,,,,,,,,"3,519","2,915",604
185,강북구,미아3,미아동 439,민간,재촉,주택정비형 재개발,관리처분,"1,204",2010-03-18,2023-01-05,2010-05-19,2015-01-13,2019-06-11,2021-07-23,2023-01-26,2024-06-03,,2024-11-19,2025-05-31,,"1,037",858,179
189,강북구,미아11,미아동 791-108,민간,일반,주택정비형 재개발,건축심의,849,2010-12-30,,2006-07-12,2022-05-16,2023-06-30,,,,,,,,598,495,103
187,강북구,강북5,미아동 61-79,공공,재촉,도시정비형 재개발,조합설립,134,2014-03-06,2015-06-11,2008-06-26,2021-11-19,,,,,,,,,688,390,298
188,강북구,강북3,미아동 45-32번지 일대,민간,재촉,도시정비형 재개발,사업시행,325,2023-04-27,2023-04-27,,2023-06-16,2023-12-26,2024-10-18,,,,,,,922,692,230
273,강서구,방화2,방화동 589-13,민간,재촉,주택정비형 재개발,조합설립,495,2024-03-21,,,2024-08-16,,,,,,,,,728,613,115
339,관악구,신림3,신림동 316-55,민간,재촉,주택정비형 재개발,착공,613,2008-04-10,2022-04-15,2008-05-27,2008-11-18,2013-12-03,2017-09-28,2024-07-04,2020-06-18,2023-03-14,2020-10-26,2021-08-20,2022-11-03,571,473,98
340,관악구,신림2,신림동 324-25,민간,재촉,주택정비형 재개발,관리처분,"1,115",2008-04-10,2019-10-31,2008-04-24,2008-08-27,2017-08-22,2018-09-20,2021-01-04,2021-04-29,,2021-10-25,2022-12-30,,"1,435","1,252",183
341,관악구,신림1,신림동 808,민간,재촉,주택정비형 재개발,사업시행,"4,410",2008-04-10,2024-06-20,2016-03-24,2019-11-21,2023-02-27,2025-03-13,,,,,,,"4,185","3,554",631
343,관악구,봉천4-1-3,봉천동 480,민간,일반,주택정비형 재개발,사업시행,642,,2009-11-19,2008-07-15,2014-05-15,2023-02-14,2024-05-30,2024-05-30,,,,,,855,694,161
344,관악구,봉천14,봉천동 4-51,민간,일반,주택정비형 재개발,건축심의,632,2014-06-19,2024-04-18,2009-09-09,2020-09-29,2023-08-29,,,,,,,,"1,571","1,311",260
348,관악구,봉천13,봉천동 922-1,공공,일반,주택정비형 재개발,조합설립,169,2009-12-24,2009-12-24,2006-03-30,2022-02-10,,,,,,,,,473,301,172
120,광진구,자양5재정비촉진구역,자양동 680-81,민간,재촉,도시정비형 재개발,구역지정,224,2018-01-18,2018-01-18,,,,,,,,,,,840,538,302
275,구로구,고척4,고척동 148,민간,일반,주택정비형 재개발,관리처분,359,2014-03-13,2023-07-24,,,2018-02-01,2018-12-20,2022-07-21,2021-06-10,2024-08-26,2021-12-01,2023-01-30,,983,835,148
281,구로구,가리봉2구역,가리봉 87-177,민간,일반,주택정비형 재개발,구역지정,610,2025-03-13,,,,,,,,,,,,"1,214",931,283
282,구로구,남구로역세권 공공임대주택 도시정비형 재개발정비구역,구로동 715-24번지 일대,민간,일반,도시정비형 재개발,사업시행,153,2020-02-27,,,,2022-12-22,2024-02-16,2024-08-28,,,,,,299,214,85
284,구로구,신도림동 293번지 일대,신도림동 293,민간,일반,도시정비형 재개발,구역지정,"1,384",2012-10-25,2012-10-25,,,,,,,,,,,"2,722","2,219",503
289,금천구,시흥1동 871번지 재개발구역,시흥1동 871번지일대,민간,일반,주택정비형 재개발,구역지정,"1,165",2025-01-16,,,,,,,,,,,,0,0,0
290,금천구,시흥4동 810번지,시흥동 810,민간,일반,주택정비형 재개발,구역지정,608,2024-07-11,,,,,,,,,,,,0,0,0
194,노원구,상계1,상계동 5-16,민간,재촉,주택정비형 재개발,사업시행,"1,354",2008-09-11,2019-06-27,2008-12-29,2013-08-23,2020-01-06,2020-10-19,2021-03-09,,,,,,"1,392","1,098",294
195,노원구,상계2,상계동 111-206,민간,재촉,주택정비형 재개발,사업시행,"1,819",2008-09-11,2018-10-26,2009-08-24,2010-05-07,2020-04-14,2021-09-01,2023-07-17,,,,,,"2,200","1,685",515
196,노원구,상계5,상계동 109-43,민간,재촉,주택정비형 재개발,건축심의,"1,130",2008-09-11,2023-07-13,2008-11-18,2009-06-23,2012-12-26,,,,,,,,"2,042","1,693",349
200,노원구,상계3,상계동 71-183,공공,재촉,주택정비형 재개발,구역지정,"2,192",2024-10-24,2024-10-24,,,,,,,,,,,"2,550","2,001",549
201,노원구,상계5동 일대,상계5동,민간,일반,주택정비형 재개발,구역지정,0,2024-10-24,2024-10-24,,,,,,,,,,,"1,000","1,000",0
202,노원구,중계본동(백사마을),중계본동 30-3,민간,일반,주택정비형 재개발,관리처분,557,2009-05-28,2019-10-10,,,2020-04-14,2021-03-04,,2024-03-05,,2024-04-11,,,"2,437","1,953",484
192,도봉구,도봉2,도봉동 95,민간,일반,주택정비형 재개발,착공,207,2007-02-08,2018-11-26,2004-12-09,2007-04-02,2007-04-12,2007-08-30,2019-10-10,2021-03-10,2021-11-16,2021-08-09,2022-08-24,2023-09-01,299,239,60
193,도봉구,쌍문3,쌍문동 724,민간,일반,주택정비형 재개발,구역지정,194,2024-02-22,,,,,,,,,,,,320,253,67
128,동대문구,전농,전농동 494-1,민간,재촉,도시정비형 재개발,사업시행,564,2006-03-30,2006-03-30,2005-12-26,2007-06-22,2023-09-26,2024-12-26,,,,,,,"1,104",914,190
130,동대문구,용두1-1,용두동 24-1,민간,재촉,도시정비형 재개발,구역지정,1,2007-07-17,2007-07-17,,,,,,,,,,,0,0,0
131,동대문구,용두1-2,용두동 23-8,민간,재촉,도시정비형 재개발,사업시행,31,2007-07-17,2007-07-17,2019-05-07,2019-10-23,2022-04-26,2022-11-23,,,,,,,242,210,32
132,동대문구,용두1-3,용두동 26-14,민간,재촉,도시정비형 재개발,착공,18,2007-07-17,2007-07-17,2019-07-17,,2021-03-23,2021-08-12,2021-12-16,2021-12-30,,,,2022-01-20,288,213,75
133,동대문구,용두1-4,용두동 26-3,민간,재촉,도시정비형 재개발,건축심의,15,2007-07-17,2007-05-17,2024-02-20,2024-06-07,2025-02-25,,,,,,,,60,60,0
134,동대문구,용두1-5,용두동 23-1,민간,재촉,도시정비형 재개발,추진위,82,2007-07-17,2007-05-17,2019-11-12,,,,,,,,,,0,0,0
135,동대문구,용두1-6,용두동 14-1,공공,재촉,도시정비형 재개발,건축심의,247,2007-07-17,2007-05-17,,2021-07-14,,,,,,,,,977,556,421
124,동대문구,이문3,이문동 149-8,민간,재촉,주택정비형 재개발,착공,"4,517",2008-01-07,2019-08-08,2004-06-23,2008-12-03,2020-02-11,2015-10-01,2024-01-30,2018-05-10,2021-09-02,2018-08-30,2021-09-30,2021-10-26,"4,350","3,011","1,339"
125,동대문구,이문4,이문동 86-1,민간,재촉,주택정비형 재개발,관리처분,"3,287",2008-01-07,2024-08-08,2004-06-23,2017-03-16,2021-10-26,2023-02-14,,2024-04-01,,2024-11-25,2025-05-24,,"3,502","2,732",770
126,동대문구,휘경3,휘경동 172,민간,재촉,주택정비형 재개발,착공,"1,516",2008-01-07,2021-03-18,2004-06-25,2008-12-03,2016-11-22,2017-10-26,2022-12-30,2019-10-04,2022-09-01,2020-01-03,2022-04-19,2022-04-19,"1,806","1,373",433
127,동대문구,전농8,전농동 204,민간,재촉,주택정비형 재개발,조합설립,"1,581",2008-07-10,2024-02-08,2005-09-27,2021-12-08,,,,,,,,,"1,750","1,398",352
143,동대문구,답십리자동자부품상가,답십리동 952,민간,일반,도시정비형 재개발,건축심의,0,2020-09-03,2023-08-24,2020-09-01,2021-10-01,2023-06-01,,,,,,,,618,478,140
129,동대문구,전농12,전농동 643-51,민간,재촉,주택정비형 재개발,조합설립,348,2009-06-25,2009-06-25,2007-01-31,2022-01-14,,,,,,,,,348,297,51
145,동대문구,신이문역세권,이문동 168-1,민간,일반,도시정비형 재개발,조합설립,0,2020-12-03,2024-06-13,,2024-09-12,,,,,,,,,"1,265",899,366
146,동대문구,용두구역 1지구,용두동 92-1,민간,일반,도시정비형 재개발,구역지정,0,2000-02-09,,,,,,,,,,,,75,75,0
147,동대문구,용두구역 2지구,용두동 90-1,민간,일반,도시정비형 재개발,구역지정,0,2000-02-09,,,,,,,,,,,,0,0,0
148,동대문구,용두구역 6지구,용두동 52-1,민간,일반,도시정비형 재개발,추진위,0,2000-02-09,,2012-04-05,,,,,,,,,,0,0,0
149,동대문구,용두구역 7지구,용두동 53-6,민간,일반,도시정비형 재개발,추진위,0,2000-02-09,,2012-04-05,,,,,,,,,,0,0,0
150,동대문구,전농13,전농동 295-29,민간,재촉,도시정비형 재개발,구역지정,274,2024-08-22,2024-08-22,,,,,,,,,,,949,795,154
136,동대문구,청량리6,청량리동 205,민간,일반,주택정비형 재개발,사업시행,950,,2008-11-13,2004-08-04,2019-05-07,2022-04-12,2024-11-07,,,,,,,"1,493","1,239",254
137,동대문구,제기4,제기동 288,민간,일반,주택정비형 재개발,관리처분,412,2005-12-29,2024-04-18,2006-06-20,2016-05-16,2017-09-26,2019-03-07,2024-06-20,2022-08-25,2022-08-25,2023-06-17,2024-07-01,,909,753,156
138,동대문구,제기6,제기동 120-104,민간,일반,주택정비형 재개발,관리처분,556,2009-02-12,2018-09-27,2004-08-31,2017-12-27,2019-07-24,2020-12-24,2023-03-08,2023-11-09,,,,,423,350,73
139,동대문구,청량리7,청량리동 199,민간,일반,주택정비형 재개발,착공,926,2007-09-06,,2004-06-25,2007-12-26,2008-10-15,2009-04-02,2023-03-23,2020-04-23,2023-06-09,2020-09-20,2021-07-13,2022-12-29,761,627,134
140,동대문구,청량리8,청량리동 435,민간,일반,주택정비형 재개발,사업시행,381,2010-11-25,2023-09-07,2006-01-09,2018-07-11,2022-04-26,2024-07-11,,,,,,,610,460,150
144,동대문구,신설1,신설동 92-5,공공,일반,주택정비형 재개발,사업시행,206,2008-10-30,2024-08-08,,2021-07-22,2024-08-20,2025-03-20,,,,,,,299,189,110
151,동대문구,전농9,전농동 103-236,공공,일반,주택정비형 재개발,조합설립,884,2023-06-29,2023-06-29,2007-07-04,2023-07-13,,,,,,,,,"1,159",920,239
153,동대문구,휘경5,휘경동 43-8,민간,일반,주택정비형 재개발,구역지정,459,2023-06-22,,,,,,,,,,,,634,594,40
326,동작구,노량진3,노량진동 232-19,민간,재촉,주택정비형 재개발,사업시행,"1,038",2009-12-10,2009-12-10,2010-06-03,2017-12-29,2018-09-11,2021-02-26,,,,,,,"1,012",838,174
327,동작구,노량진1,노량진동 278-2,민간,재촉,주택정비형 재개발,사업시행,"5,340",2009-12-10,2023-01-26,2011-07-29,2017-11-10,2021-06-08,2023-03-09,2023-03-07,,,,,,"2,992","2,461",531
328,동작구,노량진6,노량진동 294-220,민간,재촉,주택정비형 재개발,관리처분,"1,387",2009-12-10,2023-10-12,2010-03-25,2011-03-17,2017-10-24,2014-09-01,2024-10-22,2021-01-25,2021-01-25,2021-06-01,2023-02-17,,"1,499","1,237",262
329,동작구,노량진5,노량진동 270-3,민간,재촉,주택정비형 재개발,관리처분,662,2009-12-10,2009-12-10,2010-02-26,2016-02-11,2019-05-28,2021-02-26,,2023-09-25,,2024-04-22,2025-03-31,,727,597,130
330,동작구,노량진2,노량진동 312-75,민간,재촉,주택정비형 재개발,관리처분,283,2009-12-10,2023-01-26,2010-02-05,2010-06-24,2024-01-09,2014-08-08,2019-07-11,2021-03-08,2021-03-08,2021-09-01,2022-06-30,,404,299,105
331,동작구,노량진4,노량진동 227-121,민간,재촉,주택정비형 재개발,관리처분,800,2009-12-10,2009-12-10,2010-06-29,2015-04-02,2017-06-13,2018-04-30,2023-05-30,2022-12-19,,2023-12-12,2024-08-31,,840,693,147
332,동작구,노량진8,대방동 23-61,민간,재촉,주택정비형 재개발,관리처분,"1,176",2010-06-03,2023-05-18,2010-07-13,2011-11-14,2017-08-01,2018-09-19,2025-01-10,2021-12-29,2021-12-29,2022-09-26,2024-11-22,,987,815,172
333,동작구,노량진7,대방동 13-31,민간,재촉,주택정비형 재개발,관리처분,599,2010-06-03,2010-06-03,2011-06-03,2013-02-07,2015-08-18,2017-06-09,2024-02-01,2024-05-09,,2024-11-01,2025-12-31,,576,478,98
334,동작구,흑석1,흑석동 43-7,민간,재촉,주택정비형 재개발,조합설립,493,2008-09-11,2008-09-11,2009-01-15,2022-03-31,,,,,,,,,0,0,0
335,동작구,흑석9,흑석동 90,민간,재촉,주택정비형 재개발,관리처분,"1,906",2009-09-11,2024-06-27,2005-06-20,2013-03-28,2024-04-09,2017-11-29,2024-11-08,2019-10-23,2024-01-11,2022-08-18,2023-02-18,,"1,540","1,278",262
337,동작구,흑석11,흑석동 304,민간,재촉,주택정비형 재개발,관리처분,"1,829",2012-07-26,2012-07-26,2014-07-28,2015-12-01,2020-06-23,2021-03-25,,2022-08-18,2023-06-14,2022-11-24,2024-01-08,,"1,522","1,262",260
336,동작구,흑석2,흑석동 99-3,공공,재촉,도시정비형 재개발,조합설립,390,2008-09-11,2008-09-11,2009-03-04,2021-09-13,,,,,,,,,"1,012",660,352
254,마포구,공덕6,공덕동 119,민간,일반,주택정비형 재개발,사업시행,85,2010-03-04,2019-01-03,2004-07-20,2021-03-16,2022-07-22,2024-06-20,,,,,,,166,155,11
255,마포구,공덕7,공덕동 115-97,민간,일반,주택정비형 재개발,구역지정,453,2024-05-30,2024-05-30,,,,,,,,,,,703,597,106
256,마포구,공덕8,공덕동 11-24,민간,일반,주택정비형 재개발,구역지정,973,2024-12-05,2024-12-05,,,,,,,,,,,"1,564","1,258",306
237,마포구,신촌지역(마포)4-10,노고산동 109-62,민간,일반,도시정비형 재개발,사업시행,178,2014-08-28,2024-07-04,,,2024-03-04,2024-09-12,,,,,,,296,247,49
238,마포구,신촌지역(마포)4-12,노고산동 106-46,민간,일반,도시정비형 재개발,사업시행,7,2014-08-28,2023-10-19,,,2024-02-13,2025-02-13,,,,,,,216,159,57
239,마포구,신촌지역(마포)4-15,노고산동 107-46,민간,일반,도시정비형 재개발,착공,4,2014-08-28,2021-02-18,,,2021-05-11,2021-08-26,2022-03-17,,,2021-09-01,2022-02-27,2022-03-17,299,256,43
240,마포구,신촌지역(마포)4-1,노고산동 107-2,민간,일반,도시정비형 재개발,사업시행,0,2014-08-28,2023-10-19,,,2023-12-12,2025-02-13,,,,,,,133,107,26
241,마포구,신촌지역(마포)1-2,노고산동 49-29,민간,일반,도시정비형 재개발,착공,0,2014-08-28,2021-02-15,,,2021-03-11,2021-09-02,2021-09-02,2021-12-02,,2021-12-02,2022-01-30,2022-02-15,98,0,98
81,용산구,한강맨션아파트,이촌동 300-23,민간,일반,아파트지구 재건축,관리처분,717,2018-03-15,2023-09-07,2003-12-26,2017-06-05,2019-09-10,2021-09-24,,2022-12-02,,,,,"1,459","1,303",156
82,용산구,후암1,후암동 142-4,민간,일반,단독주택 재건축,추진위,730,,,2007-04-23,,,,,,,,,,0,0,0
83,용산구,한강삼익아파트,이촌동 300-301,민간,일반,아파트지구 재건축,사업시행,252,2018-03-15,2023-04-28,,2003-05-10,2019-03-12,2020-06-05,,,,,,,326,274,52
84,용산구,왕궁아파트,이촌동 300-11,민간,일반,아파트지구 재건축,조합설립,250,2023-09-07,2024-11-14,2006-05-23,2008-12-09,,,,,,,,,318,260,58
85,용산구,청화아파트,이태원동 22-2,민간,일반,공동주택 재건축,추진위,578,,,2009-12-30,,,,,,,,,,724,689,35
86,용산구,이촌1,"이촌동 199,203,206",민간,일반,단독주택 재건축,추진위,520,,,2007-02-23,,,,,,,,,,0,0,0
87,용산구,신동아아파트,서빙고동 241-21,민간,일반,아파트지구 재건축,조합설립,"1,326",,,2017-10-13,2021-01-07,,,,,,,,,"1,903","1,646",257
88,용산구,중산시범아파트,이촌동 211-2,민간,일반,공동주택 재건축,추진위,266,,,2005-07-12,,,,,,,,,,0,0,0
89,용산구,강변강서아파트,"이촌동 193-3,5",공공,일반,아파트지구 재건축,조합설립,213,,,,1993-04-12,,,,,,,,,204,180,24
242,마포구,신촌지역(마포)3-3,노고산동 31-77,민간,일반,도시정비형 재개발,관리처분,29,2014-08-28,2020-12-17,,,2021-10-12,2022-02-17,,2022-09-01,,2019-07-17,2022-10-31,,288,237,51
243,마포구,신촌지역(마포)4-5,노고산동 109-125,민간,일반,도시정비형 재개발,구역지정,0,2014-08-28,2014-08-28,,,,,,,,,,,40,22,18
244,마포구,신촌지역(마포)2-7,노고산동 57-20,민간,일반,도시정비형 재개발,관리처분,1,2014-08-28,2022-09-08,,,2023-04-11,2023-11-23,2023-11-23,2024-09-05,2024-09-05,,,,189,140,49
245,마포구,신촌지역(마포)4-9,노고산동 106-9,민간,일반,도시정비형 재개발,사업시행,13,2014-08-28,2022-10-20,,,2023-04-25,2024-01-25,,,,,,,286,210,76
248,마포구,마포로1-10,도화동 536,민간,일반,도시정비형 재개발,건축심의,90,1979-09-21,2022-03-03,2019-10-22,2020-06-04,2023-01-16,,,,,,,,231,185,46
249,마포구,마포로3-1,아현동 617-1,민간,일반,도시정비형 재개발,착공,4,1979-09-21,2024-04-18,,,2021-08-24,2021-12-23,2024-05-20,2023-01-19,,2020-08-15,2021-05-28,2024-09-06,198,163,35
250,마포구,마포로1-34,도화동 169-1,민간,일반,도시정비형 재개발,건축심의,0,1979-09-21,2022-06-16,,,2023-01-16,,,,,,,,44,0,44
97,용산구,산호아파트,원효로4가 118-16,민간,일반,아파트지구 재건축,사업시행,555,2020-01-09,2022-06-24,2005-03-11,2017-08-31,2021-04-15,2024-03-29,,,,,,,647,574,73
251,마포구,마포로3-3,아현동 613-10,민간,일반,도시정비형 재개발,착공,117,1979-09-21,,,,2008-09-18,2009-03-12,2020-06-25,2020-08-27,,2021-01-25,,2023-11-21,239,239,0
252,마포구,마포로1-48,신공덕동 27-8,민간,일반,도시정비형 재개발,착공,0,1979-09-21,,,,2019-11-25,2020-06-18,2022-12-22,2021-03-25,,2020-07-01,2021-04-01,2021-04-12,140,140,0
253,마포구,마포로1-58-2,도화동 16-1,민간,일반,도시정비형 재개발,관리처분,0,2004-05-15,2024-12-05,,,2021-12-09,2022-06-09,,2022-11-10,,,,,196,196,0
257,마포구,"마포로1-28,29",마포동 195-1 일대,민간,일반,도시정비형 재개발,착공,0,1979-09-21,,,,,2021-09-16,,2021-10-14,,,,2021-11-12,0,0,0
258,마포구,합정7,합정동 381-49 일대,민간,재촉,도시정비형 재개발,착공,63,2022-11-17,2022-11-17,,,2023-02-28,2023-08-10,2024-07-11,2023-12-07,,2021-09-01,2023-12-31,2024-12-30,198,165,33
220,서대문구,가재울7,북가좌동 80,민간,재촉,주택정비형 재개발,조합설립,"1,740",2012-06-07,2024-12-27,2007-05-02,2022-08-09,,,,,,,,,"1,506","1,297",209
223,서대문구,북아현2,북아현동 520,민간,재촉,주택정비형 재개발,사업시행,"2,532",2008-02-05,2008-02-05,2008-02-29,2009-03-27,2020-11-10,2009-12-08,2022-03-17,,,,,,"2,320","1,919",401
224,서대문구,북아현3,북아현동 3-66,민간,재촉,주택정비형 재개발,사업시행,"3,530",2008-02-05,2008-02-05,2008-03-17,2008-09-26,2023-07-11,2011-09-01,,,,,,,"4,739","3,927",812
226,서대문구,홍은13,홍은동 11-111,민간,일반,주택정비형 재개발,착공 ,909,2009-03-26,2016-06-08,2005-08-02,2009-09-04,2016-08-23,2011-04-20,2024-01-03,2018-07-11,2022-08-16,2019-01-22,2020-09-30,2021-07-15,827,686,141
227,서대문구,영천,영천동 69-20,민간,일반,주택정비형 재개발,착공,139,2006-02-23,2006-02-01,2006-09-01,2008-03-01,2021-11-01,2011-04-25,2023-12-01,2020-02-01,2024-01-17,2020-08-01,2021-05-01,2022-11-30,199,199,0
229,서대문구,연희1,연희동 533,민간,일반,주택정비형 재개발,착공,722,2007-06-21,2007-06-21,2004-09-06,2008-03-25,2018-04-17,2010-12-28,2021-02-09,2019-05-17,2024-04-03,2020-07-23,2024-04-22,2024-03-01,"1,002",796,206
232,서대문구,연희2,연희동 721-6,공공,일반,주택정비형 재개발,조합설립,789,2023-12-14,2023-12-14,,2024-03-13,,,,,,,,,"1,067",844,223
233,서대문구,충정로1,충정로3가281-11,공공,일반,주택정비형 재개발,구역지정,0,2024-12-19,,,,,,,,,,,,0,0,0
111,성동구,응봉1,응봉동 193-162,민간,일반,단독주택 재건축,사업시행,621,2011-10-27,2023-03-23,2006-08-29,2016-04-22,2021-07-27,2023-04-20,2023-04-20,,,,,,525,525,0
112,성동구,한남하이츠,옥수동 220-1,민간,일반,공동주택 재건축,사업시행,535,2017-02-16,2017-02-16,2003-12-26,2018-05-18,2019-05-28,2020-05-21,2020-05-21,,,,,,790,787,3
113,성동구,장미아파트,성수동1가 656-421,민간,일반,공동주택 재건축,착공,173,2016-09-08,2021-01-07,2004-01-26,2019-03-14,2020-08-04,2021-07-22,2024-03-07,2022-09-29,2024-11-28,2023-01-20,2023-05-30,2024-10-23,287,260,27
217,서대문구,마포로4-1,북아현동 876,민간,일반,도시정비형 재개발,구역지정,22,1979-09-21,2024-08-01,,,,,,,,,,,100,84,16
115,성동구,성수1,성수동1가 656-1267,민간,일반,단독주택 재건축,건축심의,143,2008-06-05,2022-10-20,2004-01-15,2020-08-06,2021-03-09,,,,,,,,272,254,18
218,서대문구,신촌2-2,창천동 18-42,민간,일반,도시정비형 재개발,사업시행,0,2014-08-21,2014-08-21,,,2021-08-21,2022-08-18,2024-09-04,,,,,,196,156,40
117,성동구,마장세림아파트,마장동 784,민간,일반,공동주택 재건축,조합설립,841,2022-06-23,2022-06-23,2023-02-20,2023-12-22,,,,,,,,,996,915,81
219,서대문구,마포로5-2,충정로3가 250-70,민간,일반,도시정비형 재개발,조합설립,78,1979-09-21,2023-11-02,2008-04-30,2024-07-31,,,,,,,,,192,192,0
119,광진구,신향빌라,중곡4동 18-24,민간,일반,공동주택 재건축,구역지정,156,2022-06-02,2022-06-02,,,,,,,,,,,329,308,21
221,서대문구,가재울8,남가좌동 289-54,민간,재촉,도시정비형 재개발,착공,255,2014-12-18,2014-12-18,2007-05-29,2015-09-17,2017-03-28,2017-09-04,2023-05-24,2019-06-19,2022-08-31,2021-07-01,2022-07-31,2022-11-25,283,237,46
121,광진구,자양7,자양동 464-40,민간,일반,단독주택 재건축,조합설립,432,2018-08-30,2018-08-30,2008-02-05,2021-10-03,,,,,,,,,917,874,43
122,광진구,자양한양아파트,자양동 695,민간,일반,공동주택 재건축,구역지정,444,2024-05-30,,,,,,,,,,,,859,652,207
123,광진구,중곡아파트,중곡동 190-26,공공,일반,공동주택 재건축,조합설립,276,2014-11-13,2025-03-27,2005-09-01,2022-07-19,,,,,,,,,348,306,42
222,서대문구,가재울9,남가좌동 295-5,민간,재촉,도시정비형 재개발,조합설립,118,2021-05-12,2021-05-06,,2021-05-12,,,,,,,,,239,166,73
225,서대문구,홍제2,홍제동 326-5,민간,재촉,도시정비형 재개발,조합설립,83,2005-12-30,2014-12-18,2006-12-01,2015-05-14,,,,,,,,,124,106,18
234,서대문구,충현2구역,냉천동 171-1,민간,일반,도시정비형 재개발,구역지정,11,2024-08-16,2024-08-16,,,,,,,,,,,0,0,0
235,서대문구,홍은1,홍은동 48-163,공공,재촉,도시정비형 재개발,조합설립,157,2023-12-07,2023-12-07,,2024-01-31,,,,,,,,,329,219,110
236,서대문구,홍제3(재촉),홍제동 306-2,민간,재촉,도시정비형 재개발,추진위,0,,,2006-09-22,,,,,,,,,,0,0,0
114,성동구,장안평중고차매매센터,용답동 234,민간,일반,도시정비형 재개발,건축심의,0,2018-01-11,2018-01-11,2018-05-15,2020-03-23,2023-02-14,,,,,,,,0,0,0
118,성동구,왕십리역세권4,행당동248번지,민간,일반,도시정비형 재개발,추진위,62,2024-02-15,2024-02-15,2024-03-25,,,,,,,,,,0,0,0
104,성동구,성수전략1,성수동1가 72-10,민간,일반,주택정비형 재개발,조합설립,"3,121",2009-04-23,2011-02-17,2009-10-27,2017-07-18,,,,,,,,,"2,909","2,414",495
105,성동구,성수전략2,성수동2가 506,민간,일반,주택정비형 재개발,조합설립,"2,339",2009-04-23,2011-02-17,2009-10-27,2020-03-06,,,,,,,,,"2,907","2,582",325
106,성동구,성수전략3,성수동2가 572-7,민간,일반,주택정비형 재개발,조합설립,"2,005",2009-04-23,2011-02-17,2009-10-27,2019-02-27,,,,,,,,,"1,852","1,537",315
107,성동구,성수전략4,성수동2가 219-4,민간,일반,주택정비형 재개발,조합설립,"1,602",2009-04-23,2011-02-17,2009-10-22,2016-07-25,,,,,,,,,"1,579","1,310",269
108,성동구,용답동,용답동 108-1,민간,일반,주택정비형 재개발,착공,"1,844",2007-09-27,2022-12-01,2006-07-30,2007-11-16,2015-08-01,2017-01-12,2024-05-13,2018-07-06,2024-04-04,2018-09-27,,2023-10-24,"1,670","1,365",305
109,성동구,행당7,행당동 128,민간,일반,주택정비형 재개발,착공,"1,570",2008-12-18,2009-03-05,2004-03-30,2012-07-27,2015-12-24,2016-12-29,2023-10-12,2019-08-30,2022-09-08,,2019-11-01,2021-09-06,958,768,190
110,성동구,금호16,금호동2가 501-31,민간,일반,주택정비형 재개발,관리처분,483,2007-07-12,2007-07-12,2005-09-30,2008-04-25,2008-02-25,2009-12-17,2024-01-04,2024-04-11,,,,,595,475,120
116,성동구,금호21구역,금호동3가 1번지 일대,민간,일반,주택정비형 재개발,구역지정,"1,741",2023-09-07,2023-09-07,,,,,,,,,,,"1,219",999,220
165,성북구,신월곡1,하월곡동 88-142,민간,재촉,도시정비형 재개발,관리처분,733,2009-01-02,2024-12-19,2006-04-07,2009-08-31,2017-06-20,2020-08-20,2023-07-27,2022-11-29,2023-12-08,2023-10-16,,,"2,206","2,009",197
166,성북구,신길음1,길음동 31-1,민간,재촉,도시정비형 재개발,건축심의,157,2010-04-15,2024-11-14,2008-01-30,2012-11-01,2024-03-04,,,,,,,,405,295,110
141,동대문구,장안현대,장안동 95-1,민간,일반,공동주택 재건축,사업시행,456,2017-09-14,2022-12-01,2018-06-12,2020-07-10,2022-06-14,2024-08-13,2024-08-13,,,,,,746,641,105
142,동대문구,제기1(경동미주아파트),제기동 892-68,민간,일반,공동주택 재건축,착공,234,2012-10-18,2018-12-27,2008-01-16,2019-05-30,2020-06-23,2021-04-01,2024-08-08,2023-04-13,,2023-07-15,2024-01-12,2025-03-31,351,306,45
167,성북구,신길음,길음동524-87,민간,재촉,도시정비형 재개발,사업시행,414,2007-06-09,2022-01-13,2006-03-31,,2023-09-27,2012-11-19,2019-11-07,,,,,,878,670,208
164,성북구,길음5,정릉동 175,민간,재촉,주택정비형 재개발,조합설립,466,2010-04-08,2023-04-20,2010-06-14,2019-08-19,,,,,,,,,808,660,148
168,성북구,장위14,장위동 233-552,민간,재촉,주택정비형 재개발,건축심의,"2,777",2008-04-03,2024-07-25,2008-05-30,2010-05-26,2023-08-29,,,,,,,,"2,439","2,000",439
169,성북구,장위15,장위동 233-42,민간,재촉,주택정비형 재개발,조합설립,"2,832",2008-04-03,2024-09-19,2010-07-09,2022-03-28,,,,,,,,,"3,317","2,560",757
170,성북구,장위10,장위동 68-37,민간,재촉,주택정비형 재개발,관리처분,"1,349",2008-04-03,2024-02-29,2008-04-23,2009-07-27,2024-07-02,2013-07-01,2021-08-18,2017-07-27,2023-07-06,2018-05-24,2021-12-01,,"1,931","1,590",341
171,성북구,장위3,장위동 305,민간,재촉,주택정비형 재개발,추진위,931,2008-04-03,2008-04-03,2004-09-10,,,,,,,,,,"1,078",894,184
172,성북구,장위6,장위동 25-55,민간,재촉,주택정비형 재개발,착공,"1,556",2008-04-03,2023-03-02,2006-08-08,2010-06-24,2014-03-11,2015-05-07,2023-08-11,2020-07-08,2024-05-03,2020-10-19,2021-12-30,2024-04-01,"1,637","1,352",285
173,성북구,보문5,보문동1가 196-11,민간,일반,주택정비형 재개발,착공,223,2010-06-10,2018-05-17,2005-10-21,2010-08-24,2017-11-07,2018-07-12,2023-09-04,2020-02-06,2023-05-18,2021-11-02,2021-11-02,2023-06-08,199,199,0
174,성북구,정릉골,정릉동 757,민간,일반,주택정비형 재개발,관리처분,"1,237",2012-08-02,2012-08-02,2014-06-24,2017-06-02,2020-03-24,2021-12-29,2021-12-29,2024-01-25,,2024-08-13,,,"1,411","1,411",0
152,동대문구,청량리 미주아파트,청량리동 235-1,민간,일반,공동주택 재건축,추진위,"1,089",2023-08-03,2023-08-03,2024-10-07,,,,,,,,,,"1,370","1,208",162
175,성북구,삼선5,삼선동2가 296,민간,일반,주택정비형 재개발,착공,"1,350",2009-06-04,2021-10-14,2005-06-04,2010-07-19,2013-07-23,2016-07-14,2024-08-30,2018-08-30,2021-05-14,2019-12-01,2020-03-31,2023-08-01,"1,223","1,015",208
176,성북구,동소문2,동소문동2가 33,민간,일반,주택정비형 재개발,조합설립,386,2002-04-23,2011-11-10,2006-03-22,2008-03-17,,,,,,,,,615,453,162
177,성북구,동선2,동선동4가 304-2,민간,일반,주택정비형 재개발,관리처분,235,2011-03-03,2021-03-18,2006-01-13,2012-05-16,2013-06-12,2014-02-28,2021-04-01,2019-06-17,2022-05-03,2022-08-18,2023-06-28,,334,277,57
178,성북구,돈암6,돈암동 48-29,민간,일반,주택정비형 재개발,건축심의,528,2011-11-24,2022-10-06,2014-02-26,2019-09-27,2021-05-11,,,,,,,,900,735,165
179,성북구,성북2,성북동 226-103,민간,재촉,주택정비형 재개발,사업시행,509,2011-08-18,2023-10-26,2004-09-13,2014-05-09,2022-09-28,2024-09-05,,,,,,,191,191,0
158,중랑구,망우1(염광아파트),망우본동 178-1,공공,일반,공동주택 재건축,조합설립,367,2011-07-28,2025-03-20,2003-12-30,2012-05-29,,,,,,,,,581,527,54
180,성북구,성북1,성북동 179-68,공공,일반,주택정비형 재개발,조합설립,"1,397",2024-10-04,,2004-07-31,2024-10-31,,,,,,,,,"2,086","1,668",418
182,성북구,장위8,장위동 85,공공,재촉,주택정비형 재개발,조합설립,"1,198",2023-12-28,2023-12-28,,2024-01-10,,,,,,,,,"2,846","2,062",784
183,성북구,장위9,장위동 238-83,공공,재촉,주택정비형 재개발,조합설립,"1,063",2023-12-28,2023-12-28,,2024-01-10,,,,,,,,,"2,230","1,467",763
402,송파구,마천1,마천동 194-1,민간,재촉,주택정비형 재개발,조합설립,"2,749",2020-01-02,2020-01-02,2020-11-26,2022-05-25,,,,,,,,,"2,413","2,018",395
163,중랑구,중화동 우성타운,중화동 195-2,민간,일반,공동주택 재건축,조합설립,96,2023-03-16,2023-03-16,,2023-05-11,,,,,,,,,223,208,15
403,송파구,마천2,마천동 183,민간,재촉,주택정비형 재개발,구역지정,"1,592",2012-07-26,2022-10-20,,,,,,,,,,,0,0,0
404,송파구,마천3,마천동 283,민간,재촉,주택정비형 재개발,건축심의,"3,095",2017-06-01,2022-10-20,2018-05-31,2020-06-22,2024-04-30,,,,,,,,"2,364","1,969",395
405,송파구,마천4,마천동 323,민간,재촉,주택정비형 재개발,관리처분,"1,219",2012-07-26,2022-09-22,2014-04-17,2015-07-24,2019-02-26,2021-04-08,2021-04-02,2024-01-30,,2024-09-30,2025-02-28,,"1,254",963,291
413,송파구,거여새마을,거여동 551-14,공공,재촉,주택정비형 재개발,조합설립,740,2023-01-12,2023-01-12,,2023-02-23,,,,,,,,,"1,654","1,186",468
415,송파구,마천5,마천동 45,민간,재촉,주택정비형 재개발,구역지정,421,2024-09-12,2024-09-12,,,,,,,,,,,"2,041","1,633",408
260,양천구,신정3-1,양천구 신정동 1190,민간,재촉,도시정비형 재개발,추진위,222,2010-08-05,2010-08-05,2010-12-02,,,,,,,,,,155,148,7
261,양천구,신정3-2,양천구 신정동 1182,민간,재촉,도시정비형 재개발,추진위,163,2010-08-05,2010-08-05,2012-08-30,,,,,,,,,,155,146,9
259,양천구,신정1-3,양천구 신정동 606,민간,재촉,주택정비형 재개발,사업시행,176,2005-11-24,2011-07-07,2005-09-28,2007-03-26,2008-08-20,2009-03-18,2019-12-27,,,,,,211,175,36
265,양천구,신월7동1,양천구 신월7동 913번지 ,민간,일반,주택정비형 재개발,구역지정,"2,085",2025-01-23,,,,,,,,,,,,"2,890","2,309",581
266,양천구,신월7동2,양천구 신월7동 941번지,공공,일반,주택정비형 재개발,조합설립,"1,549",2024-03-28,,,2024-06-25,,,,,,,,,"2,228","1,684",544
267,양천구,신정동 1152번지 일대,신정동 1152 일대,민간,일반,주택정비형 재개발,조합설립,411,2023-09-07,2023-09-07,,2024-06-18,,,,,,,,,956,703,253
302,영등포구,영등포1-11,영등포동5가 30,민간,재촉,도시정비형 재개발,건축심의,540,2005-12-22,2023-04-06,2010-02-17,2020-11-26,2024-04-30,,,,,,,,818,647,171
303,영등포구,영등포1-12,영등포동5가 22-3,민간,재촉,도시정비형 재개발,조합설립,296,2005-12-22,2024-07-04,2018-06-14,2019-11-19,,,,,,,,,"1,182",947,235
304,영등포구,영등포1-13,영등포동5가 32-8,민간,재촉,도시정비형 재개발,관리처분,328,2005-12-22,2017-04-27,2008-06-13,2010-04-28,2018-06-12,2019-12-30,2023-10-19,2021-07-12,,2021-09-24,2022-11-23,,659,398,261
305,영등포구,영등포1-2,영등포동7가 76-5,민간,재촉,도시정비형 재개발,사업시행,2,2005-12-22,2005-12-22,2008-02-05,2008-04-08,2021-04-15,2024-06-07,,,,,,,218,149,69
311,영등포구,양평13,양평동2가 33-20,공공,일반,도시정비형 재개발,사업시행,389,2009-09-24,2009-09-24,2008-08-29,2010-04-12,2024-11-29,2010-12-02,2015-11-27,,,,,,557,373,184
317,영등포구,양평12,양평동1가 243-1,민간,일반,도시정비형 재개발,착공,387,2009-09-24,2017-01-05,2008-09-29,2009-12-23,2017-07-24,2018-04-19,,2019-12-26,2022-10-18,2020-07-28,2021-11-10,2023-01-09,707,539,168
181,성북구,안암1,안암동3가 136-1,민간,일반,단독주택 재건축,조합설립,434,2024-03-28,2024-03-28,,1998-06-15,,,,,,,,,425,425,0
318,영등포구,영등포 도심 역세권 도시정비형 재개발구역,영등포동4가 431-6번지 일대,민간,일반,도시정비형 재개발,조합설립,165,2021-06-10,2021-06-10,2022-08-09,2023-07-28,,,,,,,,,999,804,195
319,영등포구,대선제분일대 1구역 1지구,문래동 3가 16-32,민간,일반,도시정비형 재개발,사업시행,0,,2020-11-26,,2021-03-11,2021-05-13,2022-03-04,,,,,,,141,125,16
320,영등포구,문래동4가,문래동4가 23-6번지,민간,일반,도시정비형 재개발,조합설립,284,2013-07-11,2013-07-11,2019-05-28,2023-04-04,,,,,,,,,"1,114",915,199
321,영등포구,문래동1가A-5,문래동1가 74,민간,일반,도시정비형 재개발,관리처분,0,2013-07-11,2022-08-08,,2023-02-07,2022-09-22,2023-02-27,,2023-06-01,,,,,0,0,0
186,강북구,미아4,미아동 1261,민간,재촉,단독주택 재건축,관리처분,488,2010-03-18,2025-02-20,2006-04-27,2016-02-12,2019-09-10,2021-03-12,2021-03-12,2023-11-30,,2024-05-27,2024-11-26,,493,483,10
322,영등포구,문래동2가A-4,문래동2가26,민간,일반,도시정비형 재개발,구역지정,0,2013-07-11,2023-05-25,,,,,,,,,,,0,0,0
324,영등포구,신길역세권,신길동 39-3,민간,일반,도시정비형 재개발,건축심의,602,2018-06-28,2024-05-16,2019-05-27,2021-07-05,2024-02-07,,,,,,,,999,599,400
325,영등포구,양평14,양평동2가 29-6,공공,일반,도시정비형 재개발,추진위,118,2013-11-07,2013-11-07,2018-07-31,,,,,,,,,,297,212,85
190,강북구,미아4-1,미아동 8-373,민간,일반,단독주택 재건축,조합설립,576,2009-08-06,2024-12-05,2006-04-27,2020-04-20,,,,,,,,,"1,015",937,78
191,강북구,미아9-2,미아동 137-72,민간,일반,단독주택 재건축,사업시행,"1,793",2009-07-30,2023-06-02,2006-04-27,2020-04-06,2021-09-14,2023-08-30,,,,,,,"1,758","1,758",0
316,영등포구,신길제2구역,신길동 190,민간,일반,주택정비형 재개발,건축심의,"2,790",2009-08-20,2009-08-20,2007-08-24,2020-03-04,2024-03-04,,,,,,,,"2,550","1,901",649
90,용산구,동자동2,동자동 15-1,민간,일반,도시정비형 재개발,관리처분,15,1978-11-30,,,,,1985-12-26,,2020-09-25,,,,,70,70,0
91,용산구,신용산역북측1,한강로2가 2-116,민간,일반,도시정비형 재개발,사업시행,71,2015-07-01,2020-12-24,,,,2021-12-31,,,,,,,337,301,36
92,용산구,신용산역북측2,한강로2가 2-194,민간,일반,도시정비형 재개발,사업시행,75,,2015-07-01,,,,2020-12-10,,,,,,,340,314,26
93,용산구,정비창전면1,한강로3가 40-641,민간,일반,도시정비형 재개발,조합설립,619,,2018-04-01,2018-11-01,2021-08-01,,,,,,,,,777,678,99
197,노원구,월계동(재해관리구역),월계동 487-17,민간,일반,단독주택 재건축,관리처분,420,2006-03-16,2022-02-10,2006-04-04,2006-06-12,2019-12-03,2006-09-11,2023-05-11,2007-08-08,2021-07-08,2022-04-11,2022-11-02,,355,316,39
198,노원구,월계동신아파트,월계동 436,민간,일반,공동주택 재건축,관리처분,864,2009-09-24,2020-09-03,2006-12-04,2017-08-10,2020-02-11,2021-06-14,2021-06-14,2023-09-06,2023-09-06,,,,"1,070","1,004",66
199,노원구,상계주공5단지,상계동 721,민간,일반,공동주택 재건축,사업시행,840,2021-03-25,2024-08-29,,2021-05-13,2023-08-29,2024-08-29,,,,,,,996,843,153
94,용산구,용산역전면1-2,한강로3가 40-712,민간,일반,도시정비형 재개발,추진위,0,,,2018-07-13,,,,,,,,,,0,0,0
95,용산구,정비창전면3,한강로3가 40-19,민간,일반,도시정비형 재개발,조합설립,20,,,,2022-08-10,,,,,,,,,128,128,0
96,용산구,남영동업무지구2,갈월동 92,민간,일반,도시정비형 재개발,조합설립,32,2022-08-18,,2022-10-19,2023-04-14,,,,,,,,,532,532,0
203,은평구,신사1,신사동 170-12,민간,일반,단독주택 재건축,착공,264,2009-12-01,2023-04-20,2006-12-29,2014-02-11,2014-06-12,2015-04-16,2024-01-03,2021-09-16,2024-04-18,2021-11-29,2022-03-31,2023-04-27,424,424,0
204,은평구,불광1,불광동 19-3,민간,일반,단독주택 재건축,사업시행,302,2012-09-27,2024-05-23,2006-09-04,2020-08-27,2023-12-21,2024-12-26,,,,,,,499,499,0
99,용산구,한강로,동자동 15-1일대,민간,일반,도시정비형 재개발,건축심의,468,,2011-10-13,2012-05-10,2012-10-18,2013-10-15,,,,,,,,0,0,0
98,용산구,청파1구역,청파동2가 11-1,민간,일반,주택정비형 재개발,조합설립,661,2022-07-14,,2005-08-12,2023-02-17,,,,,,,,,697,581,116
100,용산구,한남2구역,보광동 272-3,민간,재촉,주택정비형 재개발,사업시행,"1,799",2009-10-01,2009-10-01,2010-06-28,2012-06-01,2020-08-11,2021-11-26,,,,,,,"1,537","1,299",238
101,용산구,한남3구역,한남동 686,민간,재촉,주택정비형 재개발,관리처분,"8,027",2009-10-01,2009-10-01,2010-08-11,2012-09-04,2017-10-24,2019-03-29,2024-09-13,2023-06-23,2023-09-15,2023-10-30,,,"5,816","4,940",876
102,용산구,한남4구역,보광동 360,민간,재촉,주택정비형 재개발,건축심의,"2,588",2009-10-01,2009-10-01,2010-09-30,2015-01-06,2024-05-28,,,,,,,,"2,331","1,981",350
103,용산구,한남5구역,동빙고동 60,민간,재촉,주택정비형 재개발,건축심의,"2,635",2009-10-01,2009-10-01,2010-06-15,2012-08-22,2024-04-09,,,,,,,,"2,592","2,202",390
210,은평구,독바위역세권,불광동 227-7,민간,일반,도시정비형 재개발,건축심의,723,2019-07-25,2023-09-14,,,2024-12-23,,,,,,,,"1,457","1,055",402
212,은평구,수색1,수색동 366-11,민간,재촉,도시정비형 재개발,조합설립,51,2008-05-22,2008-05-22,2008-09-04,2010-07-01,,,,,,,,,79,79,0
213,은평구,수색12,수색동 369-3,민간,재촉,도시정비형 재개발,구역지정,31,2008-05-22,2008-05-22,,,,,,,,,,,88,88,0
214,은평구,수색3,수색동 106-1,민간,재촉,도시정비형 재개발,구역지정,5,2008-05-22,2008-05-22,,,,,,,,,,,90,90,0
215,은평구,수색5,수색동 102-20,민간,재촉,도시정비형 재개발,구역지정,2,2008-05-22,2008-05-22,,,,,,,,,,,65,65,0
216,은평구,연신내,불광동 305-3일대,민간,일반,도시정비형 재개발,착공,25,2011-04-29,2021-04-08,,,2021-07-27,2022-04-07,2023-01-19,2023-04-20,,2021-06-01,2023-04-20,2023-05-04,77,0,77
205,은평구,불광5,불광동 238,민간,일반,주택정비형 재개발,관리처분,"1,861",2008-12-18,2020-03-26,2005-02-05,2010-11-19,2019-12-24,2021-09-23,2021-09-23,2024-11-28,,,,,"2,387","2,013",374
206,은평구,갈현1,갈현동 300,민간,일반,주택정비형 재개발,관리처분,"3,328",2011-09-29,2019-11-14,2005-02-04,2015-10-30,2017-09-19,2019-01-31,2020-09-10,2022-05-06,,2022-08-18,2025-03-20,,"4,116","3,496",620
207,은평구,대조1,"대조동 88,89",민간,일반,주택정비형 재개발,착공,"1,342",2009-05-07,2024-11-07,2005-04-27,2011-12-01,2019-06-19,2017-01-26,2020-10-21,2019-05-23,2023-05-11,2019-08-07,2019-11-07,2022-09-21,"2,451","2,083",368
208,은평구,수색8,수색동 16-2,민간,재촉,주택정비형 재개발,관리처분,547,2008-05-22,2017-01-26,2008-08-29,2009-05-25,2018-04-01,2018-07-19,2021-07-29,2023-01-26,2022-05-23,2023-10-20,2024-09-28,,578,479,99
209,은평구,증산5,증산동 195,민간,재촉,주택정비형 재개발,관리처분,"1,559",2010-12-09,2024-04-04,2011-10-07,2012-03-20,2013-02-01,2013-06-13,2023-01-12,2023-09-26,,2024-06-01,2025-12-31,,"1,775","1,472",303
211,은평구,불광8,불광동 600,민간,일반,주택정비형 재개발,구역지정,216,2024-10-17,2024-10-17,,,,,,,,,,,321,260,61
1,종로구,세종로3,세종로동 168,민간,일반,도시정비형 재개발,구역지정,0,1994-04-29,1994-04-29,,,,,,,,,,,0,0,0
2,종로구,수송1-2,수송동 146-12,민간,일반,도시정비형 재개발,구역지정,0,2010-12-30,2021-11-25,,,,,,,,,,,0,0,0
3,종로구,수송1-7,수송동 80,민간,일반,도시정비형 재개발,구역지정,0,2010-12-30,2022-08-04,,,,,,,,,,,0,0,0
4,종로구,신문로2-12,신문로1가 158,공공,일반,도시정비형 재개발,조합설립,0,1983-09-30,2020-09-17,,2021-08-27,,,,,,,,,144,72,72
6,종로구,종로6가,종로6가 117,민간,일반,도시정비형 재개발,구역지정,165,2009-10-01,2012-05-24,,,,,,,,,,,199,0,199
228,서대문구,북가좌6,북가좌동 372-1,민간,일반,단독주택 재건축,조합설립,"1,210",2014-05-29,2024-06-20,2006-11-14,2020-02-13,,,,,,,,,"1,984","1,733",251
7,종로구,사직2,사직동 311-10,민간,일반,도시정비형 재개발,사업시행,0,2009-11-19,2013-10-28,2003-11-21,2010-07-19,2011-11-10,2012-09-21,,,,,,,456,378,78
230,서대문구,홍은5,홍은동 277-45,민간,일반,단독주택 재건축,조합설립,377,2009-05-21,2009-05-21,2008-01-15,2010-06-04,,,,,,,,,602,569,33
231,서대문구,홍제3,홍제동 104-41,민간,일반,단독주택 재건축,관리처분,492,2010-10-14,2024-02-01,2007-07-12,2011-11-13,2022-10-22,2019-02-20,,2022-07-15,,2024-09-25,2025-05-01,,620,552,68
8,종로구,돈의문2,교남동 28,민간,재촉,도시정비형 재개발,사업시행,18,2003-11-18,2006-04-13,2007-12-13,2024-06-21,2023-11-13,2024-06-21,,,,,,,228,150,78
9,종로구,세운2,장사동 67,민간,재촉,도시정비형 재개발,구역지정,48,2006-10-26,2024-06-27,,,,,,,,,,,0,0,0
10,종로구,세운4,예지동 85,민간,재촉,도시정비형 재개발,관리처분,0,2004-02-05,2018-06-07,,,2018-03-13,2018-06-29,2021-12-17,2020-02-28,,2021-11-01,2021-12-31,,0,0,0
11,종로구,"공평15,16",인사동 87,민간,일반,도시정비형 재개발,착공,0,1978-09-26,2021-09-02,,,2019-12-10,2020-05-18,2022-05-04,2020-11-16,2023-02-17,,,2022-11-17,0,0,0
12,종로구,공평소단위공동개발지구,낙원동 283-15,민간,일반,도시정비형 재개발,관리처분,0,1978-09-26,2024-07-26,,,2024-03-22,2020-05-22,2024-08-16,2020-12-11,2025-02-21,,,,0,0,0
13,종로구,관수동 소단위1,종로3가 103-2 일대,민간,일반,도시정비형 재개발,구역지정,0,2024-04-11,,,,,,,,,,,,0,0,0
14,종로구,관수동 소단위2,종로3가 113 일대,민간,일반,도시정비형 재개발,구역지정,0,2024-04-11,,,,,,,,,,,,0,0,0
15,종로구,관수동 소단위3,종로3가 123 일대,공공,일반,도시정비형 재개발,구역지정,0,2024-04-11,,,,,,,,,,,,0,0,0
16,종로구,관수동 일반정비1,관수동 20 일대,민간,일반,도시정비형 재개발,구역지정,0,2024-04-11,,,,,,,,,,,,0,0,0
17,종로구,관수동 일반정비2,관수동 39-4 일대,민간,일반,도시정비형 재개발,구역지정,0,2024-04-11,,,,,,,,,,,,0,0,0
18,종로구,관수동 일반정비3,관수동 59 일대,민간,일반,도시정비형 재개발,구역지정,0,2024-04-11,2025-02-06,,,,,,,,,,,0,0,0
19,종로구,관수동 일반정비4,관수동 130-1 일대,민간,일반,도시정비형 재개발,구역지정,0,2024-04-11,,,,,,,,,,,,0,0,0
20,종로구,관수동 일반정비5,관수동 110-1 일대,민간,일반,도시정비형 재개발,구역지정,0,2024-04-11,,,,,,,,,,,,0,0,0
21,종로구,관수동 일반정비6,관수동 102-1 일대,민간,일반,도시정비형 재개발,구역지정,0,2024-04-11,,,,,,,,,,,,0,0,0
246,마포구,공덕1,공덕동 105-84,민간,일반,단독주택 재건축,착공,701,2011-06-30,2020-10-22,2006-08-07,2014-03-28,2015-12-24,2017-02-23,2025-03-11,2018-04-18,2023-07-31,2018-04-19,2021-12-20,2023-10-23,"1,101","1,036",65
247,마포구,성산시영아파트,성산동 446,민간,일반,공동주택 재건축,추진위,"3,710",2023-12-28,2023-12-28,2025-03-14,,,,,,,,,,"4,823","4,307",516
22,종로구,관수동 일반정비7,관수동 73 일대,민간,일반,도시정비형 재개발,구역지정,0,2024-04-11,,,,,,,,,,,,0,0,0
23,종로구,관수동 일반정비8,관수동 129-1 일대,민간,일반,도시정비형 재개발,구역지정,0,2024-04-11,2024-02-06,,,,,,,,,,,0,0,0
24,종로구,관수동 일반정비9,관수동 119-1 일대,민간,일반,도시정비형 재개발,구역지정,0,2024-04-11,,,,,,,,,,,,0,0,0
25,종로구,내자필운2-1,내자동 81,민간,일반,도시정비형 재개발,구역지정,0,2011-05-06,,,,,,,,,,,,376,55,321
26,종로구,서린 345지구,서린동 111-1번지 일대,민간,일반,도시정비형 재개발,구역지정,0,1983-09-06,2025-01-02,,,,,,,,,,,0,0,0
27,종로구,수송1-3,수송동 146-2,공공,일반,도시정비형 재개발,사업시행,0,2010-12-30,2011-01-01,,,2024-01-09,2025-02-14,,,,,,,0,0,0
29,종로구,창신1-1,창신동 462-1번지 일원,민간,일반,도시정비형 재개발,구역지정,0,2022-04-28,,,,,,,,,,,,0,0,0
30,종로구,창신1-10,창신동 427-7번지 일원,민간,일반,도시정비형 재개발,구역지정,0,2022-04-28,,,,,,,,,,,,0,0,0
31,종로구,창신1-2,창신동 460-13번지 일원,민간,일반,도시정비형 재개발,구역지정,0,2022-04-28,,,,,,,,,,,,0,0,0
32,종로구,창신1-3,창신동 446-1번지 일원,민간,일반,도시정비형 재개발,구역지정,0,2022-04-28,,,,,,,,,,,,0,0,0
33,종로구,창신1-4,창신동 436-83번지 일원,민간,일반,도시정비형 재개발,구역지정,0,2022-04-28,,,,,,,,,,,,0,0,0
34,종로구,창신1-5,창신동 435-10번지 일원,민간,일반,도시정비형 재개발,구역지정,0,2022-04-28,,,,,,,,,,,,0,0,0
35,종로구,창신1-6,창신동 459-12번지 일원,민간,일반,도시정비형 재개발,조합설립,0,2022-04-28,,,2022-10-07,,,,,,,,,0,0,0
36,종로구,창신1-7,창신동 459-11번지 일원,민간,일반,도시정비형 재개발,구역지정,0,2022-04-28,,,,,,,,,,,,0,0,0
262,양천구,신정4,양천구 신정동 1200,민간,재촉,공동주택 재건축,사업시행,"1,592",2017-08-17,2022-02-17,2018-06-11,2019-08-27,2022-09-27,2024-07-25,,,,,,,"1,713","1,651",62
263,양천구,목동6단지,양천구 목동 911,민간,일반,공동주택 재건축,구역지정,"1,362",2024-08-16,2024-08-16,,,,,,,,,,,"2,173","1,900",273
264,양천구,수정아파트,신정동 733-31,민간,일반,공동주택 재건축,관리처분,220,2020-04-23,2021-12-30,,2021-01-18,2023-02-28,2023-12-18,2023-12-18,2024-12-31,,,,,276,248,28
37,종로구,창신1-8,창신동 450-1번지 일원,민간,일반,도시정비형 재개발,구역지정,0,2022-04-28,,,,,,,,,,,,0,0,0
38,종로구,창신1-9,창신동 430-16번지 일원,민간,일반,도시정비형 재개발,구역지정,0,2022-04-28,,,,,,,,,,,,0,0,0
39,종로구,창신2-1,창신동 525번지 일원,민간,일반,도시정비형 재개발,구역지정,0,2022-04-28,,,,,,,,,,,,0,0,0
268,강서구,방화6,방화동 608-97,민간,재촉,단독주택 재건축,관리처분,402,2010-03-25,2021-02-04,2010-09-07,2017-04-03,2017-06-29,2018-11-07,2022-05-25,2021-08-04,,2021-09-27,2021-12-27,,557,537,20
269,강서구,방화3,방화동 615-103,민간,재촉,단독주택 재건축,사업시행,"1,619",2012-07-26,2022-08-25,2014-05-29,2019-08-08,2023-06-13,2024-08-07,,,,,,,"1,476","1,420",56
270,강서구,방화5,공항동 18,민간,재촉,단독주택 재건축,관리처분,"1,822",2017-08-17,2021-07-22,2018-04-26,2019-07-17,2020-12-22,2022-04-20,,2024-09-11,,2024-12-24,2025-06-23,,"1,657","1,596",61
271,강서구,신안빌라,마곡동 327-53,민간,일반,공동주택 재건축,조합설립,234,2012-08-09,2024-03-27,2023-02-06,2023-07-05,,,,,,,,,362,354,8
272,강서구,등촌1,등촌동 366-24,민간,일반,단독주택 재건축,착공,441,2008-10-23,2020-11-11,2006-08-03,2009-11-26,2021-03-16,2013-01-09,2024-05-27,2018-05-02,2024-10-02,2020-10-28,2022-11-04,2023-08-25,543,517,26
40,종로구,창신2-2,창신동 373번지 일원,민간,일반,도시정비형 재개발,구역지정,0,2022-04-28,,,,,,,,,,,,0,0,0
274,구로구,개봉3,고척동 311-14,민간,일반,단독주택 재건축,조합설립,438,2010-05-13,2023-12-28,2006-04-27,2019-08-02,,,,,,,,,"2,177","1,880",297
41,종로구,창신2-3,창신동 352-3번지 일원,민간,일반,도시정비형 재개발,구역지정,0,2022-04-28,,,,,,,,,,,,0,0,0
276,구로구,"대흥,성원,동진빌라",온수동 45-32,민간,일반,공동주택 재건축,사업시행,741,2014-06-05,2025-01-23,2008-09-10,2016-02-17,2017-08-29,2018-11-15,2018-11-15,,,,,,"1,455","1,373",82
277,구로구,오류동 현대연립,오류동 156-15,민간,일반,공동주택 재건축,관리처분,240,2015-07-30,2019-11-28,2016-05-25,2018-04-11,2020-06-17,2021-05-06,2024-09-12,2023-07-26,,2024-07-01,2024-08-30,,447,408,39
278,구로구,보광아파트,구로동 440,민간,일반,공동주택 재건축,사업시행,340,2016-03-31,2024-06-13,2017-05-02,2020-04-28,2021-08-31,2023-03-10,2023-03-10,,,,,,675,675,0
279,구로구,고척동 산업인아파트,고척동 57-9,민간,일반,공동주택 재건축,사업시행,342,2016-11-10,2022-02-22,2018-11-20,2021-05-12,2023-05-30,2024-06-05,2024-06-13,,,,,,371,371,0
280,구로구,길훈아파트,개봉동 312-38,민간,일반,공동주택 재건축,착공,205,2011-06-30,2011-06-30,2009-11-24,2010-06-21,2015-06-18,2016-05-13,2016-05-13,2017-12-28,2024-10-31,2020-06-29,2021-01-15,2022-12-09,295,295,0
42,종로구,창신2-4,창신동 344번지 일원,민간,일반,도시정비형 재개발,구역지정,0,2022-04-28,,,,,,,,,,,,0,0,0
43,종로구,창신3,창신동 412-1번지 일원,민간,일반,도시정비형 재개발,구역지정,0,2022-04-28,,,,,,,,,,,,0,0,0
283,구로구,서울가든빌라,오류동 97-4,민간,일반,공동주택 재건축,구역지정,339,2024-03-07,2024-03-07,,,,,,,,,,,653,582,71
44,종로구,창신4-1,창신동330-1번지 일원,민간,일반,도시정비형 재개발,추진위,0,2007-04-30,2022-04-27,2017-07-04,,,,,,,,,,0,0,0
285,구로구,우신빌라,궁동 213-21,민간,일반,공동주택 재건축,구역지정,762,2023-12-28,2023-12-28,,,,,,,,,,,"1,127","1,066",61
286,구로구,한효아파트,고적동 52-332,민간,일반,공동주택 재건축,구역지정,290,2023-01-05,2023-01-05,,,,,,,,,,,440,407,33
287,금천구,시흥무지개아파트,시흥동 109-1 ,민간,일반,공동주택 재건축,사업시행,662,2017-02-16,,,2018-03-15,2020-05-12,2021-06-30,,,,,,,993,865,128
288,금천구,시흥동현대아파트,시흥동 220-2,민간,일반,공동주택 재건축,착공,140,2019-12-31,2020-11-02,,2020-05-04,2020-11-25,2022-02-28,2024-07-23,2023-01-06,2024-04-11,2023-04-10,2023-07-22,2024-09-13,219,219,0
5,종로구,신영1,신영동 158-2,민간,일반,주택정비형 재개발,관리처분,97,2000-06-01,2024-08-16,,2003-07-07,,2018-10-19,2025-02-19,2022-02-26,2022-02-26,2022-11-19,2023-02-01,,199,199,0
28,종로구,숭인동 56일대,숭인동 56-4번지 일원,민간,일반,주택정비형 재개발,구역지정,709,2024-12-19,2024-12-19,,,,,,,,,,,974,804,170
291,영등포구,신길10,신길동 3590,민간,재촉,공동주택 재건축,관리처분,786,2007-11-29,2015-08-27,2008-06-11,2018-01-18,2019-12-10,2021-05-31,,2022-11-10,,2023-03-01,2024-05-30,,812,734,78
292,영등포구,여의도광장아파트 28번지,여의도동 28,민간,일반,아파트지구 재건축,조합설립,576,,2006-01-12,2009-07-27,2019-06-05,,,,,,,,,"1,086",970,116
293,영등포구,여의도광장아파트 38-1번지,여의도동 38-1,민간,일반,아파트지구 재건축,조합설립,168,,2006-01-12,2023-01-19,2024-08-06,,,,,,,,,0,0,0
294,영등포구,여의도대교아파트,여의도동 41,민간,일반,아파트지구 재건축,건축심의,576,2024-09-26,2024-09-26,2023-02-27,2024-01-26,2025-02-27,,,,,,,,912,768,144
295,영등포구,여의도목화아파트,여의도동 30,민간,일반,아파트지구 재건축,조합설립,312,,,2009-03-16,2022-09-29,,,,,,,,,426,348,78
296,영등포구,여의도미성아파트,"여의도동 37,37-1",민간,일반,아파트지구 재건축,추진위,577,,2006-01-12,2009-09-16,,,,,,,,,,0,0,0
297,영등포구,여의도삼부아파트,"여의도동 30-2,3",민간,일반,아파트지구 재건축,추진위,866,,2006-01-12,2020-08-04,,,,,,,,,,"1,792","1,546",246
298,영등포구,여의도삼익아파트,여의도동 51,민간,일반,아파트지구 재건축,조합설립,360,,,,2023-11-02,,,,,,,,,611,550,61
299,영등포구,여의도시범아파트,여의도동 50,민간,일반,아파트지구 재건축,조합설립,"1,584",2025-02-13,2025-02-13,2008-05-14,2017-06-01,,,,,,,,,"2,473","2,130",343
300,영등포구,여의도은하아파트,여의도동 52,민간,일반,아파트지구 재건축,조합설립,360,,,,2023-11-30,,,,,,,,,0,0,0
301,영등포구,여의도한양아파트,여의도동 42,민간,일반,아파트지구 재건축,건축심의,588,2024-03-21,2024-03-21,,2022-08-04,2024-12-23,,,,,,,,992,844,148
45,종로구,창신동 23일대,창신동 23-2번지 일원,민간,일반,주택정비형 재개발,구역지정,426,2024-12-19,2024-12-19,,,,,,,,,,,"1,038",879,159
46,중구,광희동1가 일원,광희동1가 303-1,민간,일반,도시정비형 재개발,구역지정,0,2024-04-18,2024-04-18,,,,,,,,,,,0,0,0
47,중구,남대문-7-1,남창동 9-1,민간,일반,도시정비형 재개발,사업시행,0,1977-06-29,2025-02-27,,2022-06-22,2021-12-15,2022-06-22,2024-02-21,,,,,,299,0,299
48,중구,"마포로5-10,11",중림동 157-2,민간,일반,도시정비형 재개발,관리처분,0,1979-09-21,2023-12-28,,2022-08-24,2024-04-18,2022-08-24,2024-11-15,2023-08-30,2023-08-30,,,,299,205,94
306,영등포구,문래동국화아파트,문래동3가 76-1,민간,일반,공동주택 재건축,조합설립,270,2020-12-03,2020-12-03,2022-01-19,2024-11-28,,,,,,,,,354,324,30
307,영등포구,문래동남성아파트,문래동2가 35,민간,일반,공동주택 재건축,사업시행,390,2013-09-05,2013-09-05,2009-08-26,2017-08-26,2020-10-13,2021-07-23,,,,,,,488,436,52
308,영등포구,문래동진주아파트,문래동5가 22,민간,일반,공동주택 재건축,관리처분,160,2015-11-19,2015-11-19,,2017-12-21,2020-09-15,2021-05-27,,2023-08-17,,2024-08-26,2025-01-27,,324,284,40
309,영등포구,신길동삼성아파트,신길동 4759,민간,일반,공동주택 재건축,건축심의,384,2015-08-13,2015-08-13,2016-06-11,2018-01-26,2020-09-15,,,,,,,,562,464,98
310,영등포구,신길동우성2차·우창아파트,신길동 4501,민간,일반,공동주택 재건축,사업시행,725,2020-07-02,2020-07-02,,2020-09-24,2023-07-25,2024-11-14,,,,,,,"1,212","1,104",108
49,중구,마포로5-9-1,순화동 6-10,민간,일반,도시정비형 재개발,착공,15,1979-09-21,2022-03-03,,2022-07-22,2022-03-16,2022-07-22,2023-11-03,2023-06-20,2023-06-20,2020-07-01,2022-10-01,2024-01-12,102,63,39
312,영등포구,양평동신동아아파트,양평동1가 20,민간,일반,공동주택 재건축,조합설립,495,2011-06-30,2011-06-30,2009-04-24,2020-12-08,,,,,,,,,563,507,56
313,영등포구,여의도공작아파트,여의도동 21-2,민간,일반,공동주택 재건축,조합설립,373,2022-11-17,2022-11-17,,2023-02-23,,,,,,,,,582,497,85
314,영등포구,유원제일1차아파트,당산동4가 91,민간,일반,공동주택 재건축,착공,437,2014-07-10,2014-07-10,2009-09-03,2017-11-24,2019-03-12,2019-12-30,2024-01-15,2022-04-13,,2022-09-05,2023-02-28,2024-08-05,550,479,71
315,영등포구,유원제일2차아파트,당산동5가 7-2,민간,일반,공동주택 재건축,사업시행,410,2015-07-30,2015-07-30,2016-06-10,2018-08-20,2023-08-26,2025-03-13,,,,,,,703,628,75
50,중구,명동-1,을지로2가 185,민간,일반,도시정비형 재개발,관리처분,0,1983-09-30,2023-11-09,,2024-06-03,2024-03-04,2024-06-03,2024-06-03,2025-02-12,2025-02-12,2024-07-01,2024-12-21,,0,0,0
51,중구,명동-2,을지로2가 163-3,민간,일반,도시정비형 재개발,사업시행,1,1983-09-30,2020-11-26,,2023-09-20,2023-01-18,2023-09-20,2023-09-20,,,,,,0,0,0
52,중구,무교다동-16,다동 130,민간,일반,도시정비형 재개발,구역지정,0,1973-09-06,2022-08-25,,,,,,,,,,,0,0,0
53,중구,무교다동-29,을지로1가 16,민간,일반,도시정비형 재개발,사업시행,0,1973-09-06,2024-08-07,,2024-11-20,2024-03-26,2024-11-20,2024-11-20,,,,,,0,0,0
54,중구,무교다동-31,을지로1가 42,민간,일반,도시정비형 재개발,관리처분,0,1973-09-06,2023-09-21,,2024-06-19,2024-01-23,2024-06-19,2024-06-19,2024-11-22,2024-11-22,2024-11-22,2024-12-31,,0,0,0
55,중구,봉래-2,봉래동1가 48-3,민간,일반,도시정비형 재개발,구역지정,0,2017-08-24,2025-03-20,,,,,,,,,,,0,0,0
56,중구,봉래-3,남대문로5가 63-1,민간,일반,도시정비형 재개발,건축심의,0,2017-08-24,2024-08-07,,,2024-09-13,,,,,,,,0,0,0
323,영등포구,신길13,신길동 340-1,공공,재촉,공동주택 재건축,건축심의,167,2007-11-29,2023-12-28,2020-03-19,2021-03-11,2024-10-11,,,,,,,,586,399,187
57,중구,서-서 1·2-1,순화동 7,민간,일반,도시정비형 재개발,관리처분,0,1973-09-06,2024-06-20,,2022-07-27,2024-09-13,2022-07-27,2022-07-27,2022-12-28,2022-12-28,2021-03-01,2022-06-01,,0,0,0
58,중구,서소문-10,서소문 58-7,민간,일반,도시정비형 재개발,착공,0,1973-09-06,2021-12-30,,2022-09-21,2024-08-20,2022-09-21,2024-11-15,2024-03-20,2024-03-20,2020-07-01,2022-04-01,2025-01-15,0,0,0
59,중구,"서소문-11,12",서소문동 58-9,민간,일반,도시정비형 재개발,착공,0,1973-09-06,2023-09-14,,2023-02-08,2024-04-18,2023-02-08,2024-11-15,2025-03-12,2025-03-12,2024-08-01,2024-11-10,2025-03-31,0,0,0
60,중구,"세운3-2,3",입정동 175-1,민간,재촉,도시정비형 재개발,착공,0,2009-03-19,2023-12-07,,2017-04-26,2024-03-26,2017-04-26,2025-02-12,2021-07-07,2024-03-13,2022-06-20,2023-12-31,2025-03-20,0,0,0
61,중구,"세운3-8,9,10",을지로3가 227,민간,재촉,도시정비형 재개발,사업시행,2,2009-03-19,2023-12-07,,2021-11-17,2024-03-26,2021-11-17,2025-03-21,,,,,,0,0,0
62,중구,"세운5-1,3",산림동 190-3,민간,재촉,도시정비형 재개발,관리처분,0,2009-03-19,2023-10-26,,2020-09-16,2024-02-13,2020-09-16,2024-06-19,2024-12-13,2024-12-13,2025-03-01,2025-08-31,,0,0,0
63,중구,세운6-1-3,인현동1가 31,공공,재촉,도시정비형 재개발,구역지정,0,2006-10-26,2006-10-26,,,,,,,,,,,0,0,0
64,중구,세운6-3-3,을지로4가 310-2,민간,재촉,도시정비형 재개발,착공,0,2009-03-19,2023-12-07,,2017-11-17,2024-03-26,2017-11-17,2024-11-19,2020-10-21,2021-05-20,2020-12-01,2021-05-25,2021-07-02,0,0,0
65,중구,"세운6-4-22,23",충무로4가 108-21,민간,재촉,도시정비형 재개발,사업시행,0,2009-03-19,2024-01-25,,2022-09-23,2021-09-15,2022-09-23,2022-09-23,,,,,,0,0,0
66,중구,수표,입정동 237,민간,일반,도시정비형 재개발,착공,0,2010-08-26,2024-06-20,,2022-07-06,2024-10-31,2020-11-18,2022-07-06,2022-06-29,2023-11-01,2022-06-01,2024-06-01,2024-07-05,0,0,0
67,중구,순화-1-2,순화동 5-1,민간,일반,도시정비형 재개발,착공,0,2003-10-10,2019-10-04,,2021-07-26,2020-08-19,2021-07-26,2021-07-26,2022-07-20,2022-07-20,2022-08-01,2022-10-31,2022-11-21,0,0,0
71,중구,"양동-11,12",남대문로5가 580,민간,일반,도시정비형 재개발,사업시행,215,1978-09-26,2024-08-29,,2023-03-22,2025-01-16,2023-03-22,2023-03-22,,,,,,0,0,0
72,중구,"양동-4-2,7",남대문로5가 395,민간,일반,도시정비형 재개발,관리처분,0,1978-09-26,2024-12-18,,2024-12-24,2024-07-16,2024-12-24,2024-12-24,2025-03-19,2025-03-19,2025-02-03,2025-04-11,,0,0,0
73,중구,"양동-8-1,6",남대문로5가 526,민간,일반,도시정비형 재개발,건축심의,0,1978-09-26,2024-09-12,,,2024-12-23,,,,,,,,0,0,0
338,동작구,사당5,사당동 303,민간,일반,단독주택 재건축,사업시행,469,2017-03-02,2024-01-04,2017-11-15,2018-11-21,2022-12-21,2024-02-14,,,,,,,510,494,16
74,중구,"을지로2가-1,3,6,18",삼각동 66-1,민간,일반,도시정비형 재개발,구역지정,0,1977-06-29,2024-12-05,,,,,,,,,,,0,0,0
75,중구,"을지로3가-1,2",수표동 56-9,민간,일반,도시정비형 재개발,관리처분,0,2016-10-06,2023-07-20,,2023-09-27,2023-07-11,2023-09-27,2023-10-04,2024-03-11,2024-03-11,2023-03-01,2024-02-01,,0,0,0
76,중구,을지로3가-10,을지로3가 95-12,민간,일반,도시정비형 재개발,관리처분,0,2016-10-06,2024-09-25,,2024-02-28,2023-11-13,2024-02-28,2024-02-28,2024-09-27,2024-09-27,,,,0,0,0
342,관악구,봉천1-1,보라매동 728-57,민간,일반,단독주택 재건축,건축심의,471,2009-11-26,2022-08-26,2007-12-17,2019-11-13,2023-07-25,,,,,,,,807,740,67
77,중구,을지로3가-12,을지로3가 65-14,민간,일반,도시정비형 재개발,착공,0,2016-10-06,2021-01-28,,2021-09-01,2021-04-28,2021-09-01,2025-01-02,2022-06-15,2022-06-15,2022-11-30,2023-06-30,2023-09-27,0,0,0
78,중구,을지로3가-6,수표동 35-10,민간,일반,도시정비형 재개발,착공,0,2016-10-06,2020-11-26,,2021-06-16,2020-12-16,2021-03-03,2021-06-16,2022-04-06,2022-04-06,2022-05-01,2022-12-31,2023-04-06,0,0,0
345,관악구,신림미성아파트,조원동 1656,민간,일반,공동주택 재건축,사업시행,286,2010-12-16,2022-09-29,2004-02-27,2010-10-27,2023-11-28,2025-02-27,2025-03-13,,,,,,490,434,56
346,관악구,미성동 건영아파트,미성동 746-43,민간,일반,공동주택 재건축,조합설립,492,2018-11-08,2022-11-24,2019-10-28,2020-12-30,,,,,,,,,601,551,50
347,관악구,뉴서울개나리열망연립,신림동 739,민간,일반,공동주택 재건축,사업시행,132,2019-12-16,2022-11-03,2007-06-05,2020-11-05,2022-05-26,2023-07-13,,,,,,,306,275,31
79,중구,을지로3가-9,을지로3가 5-1,민간,일반,도시정비형 재개발,관리처분,0,2016-10-06,2024-08-16,,2022-12-21,2024-10-11,2022-12-21,2025-02-12,2023-09-13,2025-03-26,2023-10-01,2023-12-31,,0,0,0
349,서초구,"반포주공1단지(1,2,4주구)",반포동 810,민간,일반,아파트지구 재건축,착공,"2,210",2017-04-27,2022-06-23,2011-12-28,2013-09-11,2017-07-04,2017-09-27,2024-09-03,2018-12-03,,2021-06-01,2021-11-30,2024-03-29,"5,007","4,794",213
350,서초구,반포주공1단지(3주구),반포동 1109,민간,일반,아파트지구 재건축,착공,"1,490",2016-09-13,2016-09-13,2003-09-01,2014-12-11,2017-06-27,2017-09-25,2025-01-09,2021-07-14,2024-03-27,2021-09-01,2022-05-31,2023-03-03,"2,091","2,091",0
351,서초구,방배13,방배동 541-2,민간,일반,단독주택 재건축,관리처분,"2,911",2015-02-17,2023-07-20,2015-11-23,2016-07-29,2017-04-25,2017-09-06,,2018-09-03,,2021-03-30,2024-12-04,,"2,369","2,012",357
352,서초구,방배14,방배동 975-35,민간,일반,단독주택 재건축,관리처분,506,2014-07-10,2022-10-06,2015-01-22,2016-04-25,2024-08-27,2017-06-20,2017-10-01,2017-12-29,,2021-10-01,2022-09-07,,492,440,52
353,서초구,방배5,방배동 946-8,민간,일반,단독주택 재건축,착공,"2,551",2010-09-02,2024-05-16,2004-12-16,2012-05-10,2012-12-26,2013-07-29,2024-05-30,2016-07-14,2024-07-25,2018-06-18,2020-11-30,2022-07-28,"3,064","2,798",266
354,서초구,방배6,방배동 818-14,민간,일반,단독주택 재건축,착공,787,2010-12-23,2023-12-14,2006-10-19,2015-03-09,2015-11-19,2016-07-13,2024-07-29,2017-12-21,2024-11-14,2018-05-08,2021-05-25,2022-08-18,"1,097","1,097",0
355,서초구,방배7,방배동 891-3,민간,일반,단독주택 재건축,사업시행,229,2012-07-26,2023-12-28,2006-05-04,2021-01-11,2023-06-28,2024-06-25,,,,,,,316,299,17
356,서초구,방배삼익,방배동 1018-1,민간,일반,공동주택 재건축,착공,408,2012-02-09,,2009-09-28,2017-12-04,2018-09-18,2019-05-23,2024-09-25,2021-12-16,2024-08-06,2022-06-13,2022-11-08,2023-11-21,707,621,86
357,서초구,방배삼호,방배동 771-1,민간,일반,아파트지구 재건축,추진위,804,,,2005-06-29,,,,,,,,,,0,0,0
358,서초구,방배신동아,방배동 988-1,민간,일반,공동주택 재건축,관리처분,493,2020-05-14,2024-05-09,2020-09-02,2020-12-31,2021-08-10,2022-07-08,,2023-10-12,,2023-10-12,2024-01-12,,843,734,109
359,서초구,방배신삼호,방배동 725,민간,일반,공동주택 재건축,조합설립,481,2016-09-08,2024-12-26,2004-05-14,2019-03-15,,,,,,,,,920,785,135
360,서초구,삼호가든5차,반포동 30-1,민간,일반,아파트지구 재건축,건축심의,168,2022-10-06,,2017-03-02,2020-09-09,2024-02-13,,,,,,,,305,260,45
361,서초구,서초신동아,서초동 1333,민간,일반,아파트지구 재건축,착공,997,2015-10-22,2024-04-11,2003-12-19,2015-04-10,2016-08-23,2017-03-31,2024-04-15,2018-05-15,,2023-08-07,2023-12-03,2024-12-31,"1,161","1,161",0
362,서초구,신반포12차,잠원동 50-5,민간,일반,아파트지구 재건축,사업시행,324,2022-03-24,2022-03-24,2015-09-17,2021-04-20,2023-09-12,2024-06-04,,,,,,,432,387,45
363,서초구,신반포16차,잠원동 55-12,민간,일반,아파트지구 재건축,사업시행,396,2022-04-07,,2017-03-23,2018-02-21,2023-05-11,2023-11-02,,,,,,,468,400,68
364,서초구,신반포18차337동,잠원동 49-17,민간,일반,아파트지구 재건축,착공,182,2012-04-19,2019-06-05,2015-02-05,2015-12-18,2018-04-10,2019-04-29,2024-03-14,2021-01-14,2024-06-03,2021-05-01,2021-09-30,2023-01-09,178,178,0
365,서초구,"신반포19차,25차",잠원동 61-2,민간,일반,아파트지구 재건축,조합설립,447,,,,2022-03-07,,,,,,,,,0,0,0
366,서초구,신반포20차,잠원동 60-78,민간,일반,아파트지구 재건축,조합설립,112,,,2016-08-02,2017-06-27,,,,,,,,,0,0,0
367,서초구,신반포21차,잠원동 59-10,민간,일반,아파트지구 재건축,착공,108,2018-10-11,2018-10-11,2016-09-29,2017-05-16,2018-10-25,2019-08-14,2021-12-01,2021-04-23,2023-07-26,2021-05-24,2021-07-23,2022-03-29,251,209,42
368,서초구,신반포22차,잠원동 65-33,민간,일반,아파트지구 재건축,착공,132,2017-03-02,,2016-02-23,2017-04-06,2017-06-20,2017-09-22,2022-06-23,2018-04-13,2018-04-13,2022-05-06,2022-08-06,2024-04-24,160,160,0
369,서초구,신반포27차,잠원동 56-2,민간,일반,아파트지구 재건축,사업시행,156,2021-02-15,,2017-02-28,2018-06-06,2022-04-26,2023-01-12,,,,,,,210,184,26
370,서초구,신반포2차,잠원동 73,민간,일반,아파트지구 재건축,조합설립,"1,572",2024-07-11,2025-02-20,2003-09-01,2020-11-16,,,,,,,,,"2,057","1,797",260
371,서초구,신반포4지구,잠원동 58-22,민간,일반,아파트지구 재건축,착공,"2,640",2017-07-27,2023-10-19,2003-11-24,2016-01-05,2017-08-01,2017-10-16,2021-08-02,2018-12-03,2023-08-10,2020-05-25,2020-10-24,2021-10-28,"3,307","3,112",195
372,서초구,신반포4차,잠원동 70,민간,일반,아파트지구 재건축,조합설립,"1,212",2024-08-22,2024-08-22,2003-11-24,2019-12-31,,,,,,,,,"1,828","1,543",285
373,서초구,신반포7차,잠원동 65-32,공공,일반,아파트지구 재건축,조합설립,320,,,,2002-12-24,,,,,,,,,857,652,205
374,서초구,신반포궁전,반포동 65-1,민간,일반,공동주택 재건축,추진위,108,2014-08-21,,2015-05-07,,,,,,,,,,249,208,41
375,서초구,강남원효성빌라,반포동 591-1 외5,민간,일반,공동주택 재건축,조합설립,103,2021-01-21,2021-01-21,2022-01-06,2022-12-19,,,,,,,,,103,103,0
376,서초구,반포미도1차,반포동 60-4,민간,일반,공동주택 재건축,추진위,"1,260",2024-04-25,,2025-01-24,,,,,,,,,,"1,739","1,531",208
377,서초구,방배15구역,방배동 528-3,민간,일반,단독주택 재건축,조합설립,"1,619",2022-09-08,2022-09-08,2023-04-06,2023-12-19,,,,,,,,,"1,688","1,378",310
378,서초구,서초진흥아파트,서초동 1315,민간,일반,아파트지구 재건축,조합설립,615,2025-01-23,,2004-05-13,2020-03-12,,,,,,,,,857,763,94
379,강남구,도곡개포한신,도곡동 464,민간,일반,공동주택 재건축,사업시행,620,2017-03-16,2017-03-16,2003-11-14,2017-11-24,2020-07-28,2022-12-28,,,,,,,816,705,111
380,강남구,도곡삼익,도곡동 869,민간,일반,공동주택 재건축,추진위,273,2012-06-21,2012-06-21,2003-12-29,,,,,,,,,,369,318,51
381,강남구,은마아파트,대치동 316,민간,일반,공동주택 재건축,조합설립,"4,424",2023-02-16,2023-02-16,2003-12-31,2023-09-26,,,,,,,,,"5,778","5,100",678
382,강남구,청담삼익아파트,청담동 134-18,민간,일반,아파트지구 재건축,착공,888,2022-10-06,2024-03-14,2000-06-16,2003-09-22,2015-03-24,2015-12-04,2025-03-31,2017-11-13,2024-07-12,2020-03-01,2020-05-31,2021-06-25,"1,261","1,117",144
383,강남구,대치구마을3지구,대치동 964,민간,일반,단독주택 재건축,착공,250,2013-11-21,2023-07-07,2014-02-25,2014-09-02,2014-05-28,2015-09-16,2023-07-14,2017-11-29,2024-07-18,2019-05-15,2020-11-30,2022-04-13,282,245,37
384,강남구,대치쌍용1차,대치동 66,민간,일반,공동주택 재건축,사업시행,630,2013-10-04,2021-11-25,2014-11-20,2016-01-06,2018-01-23,2018-10-12,2022-05-15,,,,,,999,867,132
385,강남구,대치쌍용2차,대치동 65,민간,일반,공동주택 재건축,사업시행,364,2013-10-04,2013-10-04,2014-11-14,2015-07-02,2016-12-27,2017-09-12,2022-09-23,,,,,,"1,332","1,172",160
386,강남구,대치우성1차,대치동 63,민간,일반,공동주택 재건축,사업시행,476,2015-06-25,2018-12-06,2016-01-26,2017-01-17,2021-10-26,2022-09-08,,,,,,,712,626,86
387,강남구,일원개포한신,일원동 615-1,민간,일반,공동주택 재건축,관리처분,364,2017-07-13,2024-05-02,2018-01-25,2018-11-05,2020-04-28,2021-08-06,,2023-11-10,,,,,480,414,66
388,강남구,압구정아파트지구 특별계획구역5,압구정동 490,민간,일반,아파트지구 재건축,조합설립,"1,232",,,2017-08-19,2021-02-22,,,,,,,,,"1,401","1,261",140
389,강남구,도곡삼호,도곡동 540,민간,일반,공동주택 재건축,착공,144,2017-07-20,2022-04-22,2018-01-10,2018-06-19,2019-09-10,2020-09-16,,2022-10-25,,2022-12-12,2023-01-31,2024-02-06,308,260,48
390,강남구,압구정아파트지구 특별계획구역3,압구정동369-1,민간,일반,아파트지구 재건축,조합설립,"3,934",,,2018-09-12,2021-04-19,,,,,,,,,"5,175","4,534",641
391,강남구,개포주공5단지,개포동 187,민간,일반,공동주택 재건축,사업시행,940,2017-09-07,2017-09-07,2019-02-12,2020-12-01,2022-12-20,2023-10-12,,,,,,,"1,279","1,134",145
392,강남구,압구정아파트지구 특별계획구역4,압구정동 481,민간,일반,아파트지구 재건축,조합설립,"1,341",,,2017-11-01,2021-02-10,,,,,,,,,"1,724","1,519",205
393,강남구,"개포주공6,7단지",개포동 185,민간,일반,공동주택 재건축,사업시행,"1,960",2017-11-23,2024-04-26,2019-02-12,2021-01-22,2023-06-13,2024-11-11,,,,,,,"2,698","2,353",345
394,강남구,개포우성4차,도곡동 465,민간,일반,공동주택 재건축,조합설립,459,2022-04-14,2022-04-14,2022-09-28,2023-09-22,,,,,,,,,"1,080",952,128
395,강남구,개포우성6차,개포동 658-1,민간,일반,공동주택 재건축,조합설립,270,2022-03-10,2022-03-10,2022-09-28,2024-04-24,,,,,,,,,417,395,22
396,강남구,개포우성7차,일원동 615,민간,일반,공동주택 재건축,조합설립,802,2022-04-14,2022-04-14,2022-11-11,2024-02-02,,,,,,,,,"1,234","1,055",179
397,강남구,압구정아파트지구 특별계획구역1,압구정동414,민간,일반,아파트지구 재건축,추진위,"1,233",,,2020-11-06,,,,,,,,,,0,0,0
398,강남구,압구정아파트지구 특별계획구역2,압구정동434,민간,일반,아파트지구 재건축,조합설립,"1,924",2025-03-13,,2020-11-06,2021-04-12,,,,,,,,,"2,571","2,250",321
399,강남구,논현동현,논현동 105,민간,일반,공동주택 재건축,구역지정,548,2023-10-19,,,,,,,,,,,,905,779,126
400,강남구,도곡우성,도곡동 934-10,민간,일반,공동주택 재건축,조합설립,390,2023-07-20,2023-07-20,2024-03-08,2025-03-31,,,,,,,,,548,460,88
401,강남구,"역삼동(758,은하수,760)",역삼동 758,민간,일반,아파트지구 재건축,관리처분,161,2018-05-31,2023-03-31,2010-07-08,2018-11-14,2019-11-26,2021-06-02,2023-07-10,2022-10-31,2025-03-24,2023-09-01,2024-02-29,,237,237,0
68,중구,신당10,신당동 236-100,민간,일반,주택정비형 재개발,조합설립,899,2023-06-22,2023-06-22,,2023-12-27,,,,,,,,,"1,423","1,107",316
69,중구,신당8,청구동 321-1,민간,일반,주택정비형 재개발,관리처분,"1,182",2007-05-25,2023-06-07,2004-12-30,2016-12-12,2017-12-19,2018-12-05,2023-07-26,2024-05-31,2024-05-31,2024-10-01,2025-06-15,,"1,159",983,176
70,중구,신당9,신당동 432-1008,민간,일반,주택정비형 재개발,건축심의,261,2010-11-04,2022-11-09,2005-01-24,2018-04-20,2020-11-18,,,,,,,,315,315,0
80,중구,중림동 398,중림동 398,민간,일반,주택정비형 재개발,조합설립,280,2023-09-14,2023-09-14,,2024-12-19,,,,,,,,,791,600,191
406,송파구,가락1차현대,문정동 3,민간,일반,공동주택 재건축,사업시행,514,2017-11-16,2022-12-01,2018-07-06,2019-07-19,2023-02-28,2025-01-24,2025-01-24,,,,,,842,717,125
407,송파구,가락극동,가락동 192,민간,일반,공동주택 재건축,조합설립,555,2017-11-23,2024-11-28,2018-07-03,2020-06-26,,,,,,,,,999,876,123
408,송파구,가락미륭,가락동 138,민간,일반,공동주택 재건축,사업시행,435,2020-02-06,2023-11-16,2020-08-07,2021-04-14,2023-07-24,2024-06-27,2024-06-27,,,,,,614,521,93
409,송파구,가락삼익맨숀,송파동 166,민간,일반,공동주택 재건축,사업시행,936,2017-09-21,2023-11-16,2018-05-04,2019-08-05,2022-09-27,2023-11-13,,,,,,,"1,531","1,358",173
410,송파구,가락상아1차,오금동 166,민간,일반,공동주택 재건축,관리처분,226,2017-12-29,2024-04-11,2019-01-28,2020-06-19,2021-05-25,2022-05-20,2022-05-20,2025-01-06,,,,,405,342,63
411,송파구,가락우성1차,가락동 96-1,민간,일반,공동주택 재건축,추진위,838,2024-02-29,2024-02-29,2024-12-24,,,,,,,,,,967,875,92
412,송파구,가락프라자,가락동 199,민간,일반,공동주택 재건축,관리처분,672,2017-07-20,2024-04-11,2017-12-01,2019-03-28,2023-02-28,2024-01-11,2024-01-11,2025-03-14,,,,,"1,068",953,115
154,중랑구,상봉7,상봉동 88,민간,재촉,도시정비형 재개발,사업시행,349,2009-08-13,2020-07-16,2009-09-08,2011-12-01,2021-04-12,2015-11-19,,,,,,,841,719,122
414,송파구,대림가락,방이동 217,민간,일반,공동주택 재건축,조합설립,497,2021-10-07,2021-10-07,2022-04-08,2023-02-09,,,,,,,,,925,786,139
155,중랑구,상봉9,상봉동 83-1,민간,재촉,도시정비형 재개발,착공,2,2015-04-16,2021-07-29,,,2022-04-12,2022-12-29,2024-11-21,2024-05-23,,,,2024-12-09,999,802,197
416,송파구,미성크로바,신천동 17-6,민간,일반,아파트지구 재건축,착공,"1,350",2021-06-24,2021-11-18,2009-06-04,2014-07-15,2021-08-10,2017-07-28,2023-11-30,2018-07-05,2024-11-21,2019-01-28,2019-06-27,2022-01-27,"1,865","1,667",198
417,송파구,삼환가락,가락동 176,민간,일반,공동주택 재건축,사업시행,648,2017-11-16,2024-08-29,2018-05-23,2019-04-29,2022-04-26,2024-02-28,2024-02-28,,,,,,"1,101",981,120
418,송파구,송파미성,송파동 161,민간,일반,공동주택 재건축,조합설립,378,2021-03-25,2021-03-25,2022-01-27,2023-05-31,,,,,,,,,810,686,124
419,송파구,오금현대,오금동 43,민간,일반,공동주택 재건축,추진위,"1,316",2024-07-25,,2025-03-19,,,,,,,,,,"2,436","2,029",407
420,송파구,"잠실우성1,2,3차",잠실동 101-1,민간,일반,공동주택 재건축,조합설립,"1,842",2015-12-01,2024-01-11,2006-10-04,2021-06-11,,,,,,,,,"2,680","2,338",342
421,송파구,잠실우성4차,잠실동 320,민간,일반,공동주택 재건축,사업시행,555,2017-07-06,2023-02-22,2009-12-07,2018-04-02,2022-12-13,2023-08-31,,,,,,,825,732,93
422,송파구,잠실주공5단지,잠실동 27,민간,일반,아파트지구 재건축,조합설립,"3,930",2022-06-23,2024-09-05,2003-12-29,2013-12-19,,,,,,,,,"6,491","5,680",811
423,송파구,잠실진주,신천동 20-4,민간,일반,아파트지구 재건축,착공,"1,507",2017-02-16,2022-08-01,2003-12-09,2015-07-10,2020-11-24,2017-09-27,2023-08-10,2018-10-05,2024-08-21,2019-03-27,2019-08-31,2021-12-24,"2,678","2,326",352
424,송파구,"장미1,2,3차",신천동 7,민간,일반,아파트지구 재건축,조합설립,"3,522",2005-12-25,,2016-06-28,2020-03-24,,,,,,,,,0,0,0
425,송파구,한양2차,송파동 151,민간,일반,아파트지구 재건축,조합설립,744,2005-12-15,,2010-07-26,2020-11-02,,,,,,,,,"1,346","1,077",269
426,송파구,한양3차,방이동 225,민간,일반,공동주택 재건축,사업시행,252,2019-08-29,2022-05-24,2020-01-29,2021-03-03,2022-12-20,2024-05-14,,,,,,,507,430,77
427,강동구,천호3,천호동 423-76,민간,재촉,단독주택 재건축,착공,611,2013-12-12,2021-12-30,2014-05-12,2016-01-21,2017-10-24,2018-07-20,2024-06-27,2020-12-07,2021-03-24,2021-03-02,2022-03-31,2023-03-30,535,490,45
157,중랑구,중화3,중화동 303-9,민간,재촉,도시정비형 재개발,관리처분,201,2017-11-30,2022-12-22,,,2018-05-29,2018-12-06,2023-12-28,2020-07-24,,2020-08-10,2021-04-30,,176,158,18
160,중랑구,상봉10,상봉동 50-1,민간,재촉,도시정비형 재개발,추진위,127,2023-06-15,2023-06-15,2024-01-05,,,,,,,,,,498,382,116
430,강동구,삼익그린2차,명일동 15,민간,일반,아파트지구 재건축,조합설립,"2,400",,,2019-12-13,2021-07-05,,,,,,,,,0,0,0
431,강동구,삼익맨션,명일동 270,민간,일반,공동주택 재건축,조합설립,768,2020-02-13,2022-11-16,2020-08-27,2021-07-12,,,,,,,,,"1,169","1,014",155
432,강동구,삼익파크,길동 54,민간,일반,공동주택 재건축,사업시행,"1,092",2020-02-13,2020-02-13,2020-08-27,2021-01-14,2022-07-26,2025-03-24,,,,,,,"1,384","1,238",146
156,중랑구,중화1,중화동 331-1,민간,재촉,주택정비형 재개발,착공,"1,089",2009-06-04,2024-01-11,2009-06-19,2011-08-31,2014-04-01,2015-08-13,2022-10-27,2018-03-15,2022-07-18,2019-10-01,2021-06-10,2022-06-07,"1,055",865,190
159,중랑구,면목7구역,면목본동 69-14,민간,일반,주택정비형 재개발,조합설립,"1,543",2024-01-11,,2024-04-12,2024-09-11,,,,,,,,,"1,447","1,068",379
161,중랑구,상봉13구역,망우본동 461-12,민간,일반,주택정비형 재개발,구역지정,934,2025-03-27,,,,,,,,,,,,"1,249",979,270
162,중랑구,중화5구역,중화1동 122,공공,일반,주택정비형 재개발,조합설립,"1,260",2023-12-14,,,2024-01-18,,,,,,,,,"1,610","1,196",414
437,강동구,천호우성아파트,천호동 19-1,민간,일반,공동주택 재건축,사업시행,479,2020-02-10,2020-02-20,2020-10-19,2021-02-10,2023-08-29,2024-06-04,,,,,,,629,629,0
438,구로구,구로우성아파트,구로동 23,민간,일반,공동주택 재건축,구역지정,344,2025-03-06,,,,,,,,,,,,522,453,69
439,양천구,목동8단지,신정동 314,민간,일반,공동주택 재건축,구역지정,"1,352",2025-03-13,,,,,,,,,,,,"1,881","1,588",293
440,양천구,목동12단지,신정동 326,민간,일반,공동주택 재건축,구역지정,"1,860",2025-03-13,,,,,,,,,,,,"2,810","2,443",367
441,양천구,목동13단지,신정동 327,민간,일반,공동주택 재건축,구역지정,"2,280",2025-03-13,,,,,,,,,,,,"3,852","3,284",568
442,양천구,목동14단지,신정동 329,민간,일반,공동주택 재건축,구역지정,"3,100",2025-03-06,,,,,,,,,,,,"5,123","4,394",729
