field1,field2,field3,field4,field5,field6,field7,field8,field9,field10,field11,field12,field13,field14,field15,field16,field17,field18,field19,field20,field21,field22,field23,field24,field25,field26,field27,field28,field29,field30,field31,field32,field33,field34,field35,field36,field37,field38,_GC_TYPE,_CLEANADDR,_X,_Y
11110-100002000,,종로구,신영동,조합,신영동 158-2,철거신고,운영,56,신영제1구역 주택재개발정비사업,종로구 신영동 158-2번지,15589.3,35566.19,제2종일반주거지역,자연경관지구,13252.6,1601.1,,,,,735.6,공동주택,37.06,151.5,22,7,3,199,41,123,35,0,,,,,시행단계,정,서울특별시 종로구 신영동 158-2,126.96251652713325,37.599989813868014
11740-900001027,1차선정구역,강동구,천호동,공공지원자,천호동 461-31,정비구역지정,운영,248,천호 A1-2구역,강동구 천호동 461-31,30699.6,122951.92,제3종일반주거지역,,26598.79,4100.85,,,,,,공동주택 및 부대복리시설,36.21,299.99,125,40,2,645,241,320,84,136,110,,26,,계획단계,정,서울특별시 강동구 천호동 461-31,127.1220418264144,37.541539151036076
11170-100003006,,용산구,청파동,조합,청파동2가 11-1,조합설립인가,운영,460,청파제1구역 재개발정비사업조합,용산구 청파동2가 11-1번지,32390.4,112533.03,제2종 일반주거지역(7층이하) 제3종 일반주거지역,,26549.6,3060.3,,,,,2667.3,공동주택 및 부대복리시설,25.72,249.86,80,25,3,581,310,183,88,116,93,19,4,,시행준비단계,정,서울특별시 용산구 청파동2가 11-1,126.96875528071405,37.54685170245066
11140-900000981,,중구,중림동,조합,중림동 398,조합설립인가,운영,420,중림동 398 정비계획 수립(추정분담금),중구 중림동 398-0,28315.5,125468.85,제2종일반주거지역(7층 이하) 제3종일반주거지역,,23650.5,4665,,,,,719.3,주거,25.85,299.73,75,25,5,600,349,251,,191,39,,152,,시행준비단계,정,서울특별시 중구 중림동 398,126.96781532502219,37.560464047103665
11140-100002006,,중구,신당동,조합,신당동 432-1008,조합설립인가,운영,178,신당제9 주택재개발정비구역,중구 신당2동 432-1008번지,18651,54028.85,제2종일반주거지역(7층이하)   제3종일반주거지역,최고고도지구(7층28m이하)   일반미관지구,17672,375,,,,,604,공동주택 및 부대복리시설,34.47,161.53,28,7,6,315,167,148,,0,,,,,시행준비단계,정,서울특별시 중구 신당동 432-1008,127.00652216205842,37.55012826824014
11170-900000099,,용산구,보광동,조합,보광동 272-3,관리처분인가,운영,929,한남 제2재정비촉진구역,용산구 보광동 272-3,114580.6,161889.03,도시지역 제2종일반주거지역(7층이하),재정비촉진지구,83758.9,19008.8,3192.6,2801,5819.3,0,0,공동주택 및 부대복리시설 근리생활시설,32.14,195.42,45,14,6,1299,424,629,246,238,97,137,4,,시행단계,정,서울특별시 용산구 보광동 272-3,126.99711245282697,37.53129010323138
11740-900001152,기존구역(신통추진),강동구,천호동,조합,천호동 532-2,조합설립인가,운영,189,천호동532-2번지 주택정비형 재개발사업,강동구 천호동 532-2,24620,55101.31,제2종일반주거지역,,24000,20,,,,,600,아마트 및 부대복리시설,26.02,229.59,,2,24,431,260,171,,77,24,33,20,,시행준비단계,정,서울특별시 강동구 천호동 532-2,127.13082421979585,37.54104642635476
11170-900000101,,용산구,보광동,조합,보광동 360,조합설립인가,운영,1207,한남4재정비촉진구역주택재개발정비사업조합설립추진위원회,용산구 보광동 360-0,160258,535877.18,제1종일반주거지역제2종일반주거지역(7층)제3종일반주거지역준주거지역,미관지구,115341,29763,8128,0,6540,0,486,아파트/부대복리시설,30.89,226.98,73,22,7,1981,664,616,701,350,117,172,61,,시행준비단계,정,서울특별시 용산구 보광동 360,126.99821788509627,37.52680690035208
11500-900001004,1차선정구역,강서구,방화동,조합,방화동 589-13,조합설립인가,운영,348,방화2구역,방화동 589-13,34900,,,,,,,,,"27,478",,,,,,,,"5,230",,,,0,,,,,시행준비단계,정,서울특별시 강서구 방화동 589-13,126.8094163387192,37.56723507916876
11200-100002007,,성동구,금호동,조합,금호동2가 501-31,관리처분인가,운영,365,금호제16재개발정비구역,성동구 금호동2가 501-31,27485,88619.35,제2종일반주거지역,행정기관 위탁고도 120m지역,22703,2077,2407,180,118,,,아파트,23.96,236.89,4692,16,8,475,171,304,,120,120,,,,시행단계,정,서울특별시 성동구 금호동2가 501-31,127.01811954620315,37.551422856401516
11200-100002000,,성동구,용답동,조합,용답동 108-1,일반분양승인,운영,627,용답동 주택재개발정비사업조합,성동구 용답동 108-1번지,73341,231651.08,제3종 일반주거지역,제3종 일반주거지역,53959,9173,17796,,,,,공동주택(아파트),11.6,249.86,,35,2,1033,,783,250,218,102,87,29,,완료단계,정,서울특별시 성동구 용답동 108-1,127.05026380373488,37.56724630227461
11620-900000626,기존구역(신통추진),관악구,신림동,조합,신림동 808-495,사업시행인가,운영,1460,신림1재정비촉진구역 주택재개발정비사업,관악구 신림동 808-495,223168.7,739412.15,일반주거지역 준주거 자연녹지 등,,176229.6,22507.6,12560,,,,11871.5,공동주택 등,22.21,259.68,,29,5,3554,821,1987,746,631,413,,218,,시행단계,정,서울특별시 관악구 신림동 808-495,126.93250198468411,37.47048775489171
11200-900001086,,성동구,금호동,조합,금호동3가 1,조합설립인가,운영,860,금호 제21 주택정비 재개발구역,성동구 금호동3가 1번지,75447,17913.9,제2종일반주거지역(7층이하) 제2종일반주거지역 제3종일반주거지역,,51487.2,15875.8,6737,1347,,,737.1,공동주택,28.42,255.06,59,20,4,1219,601,494,124,220,65,103,52,,시행준비단계,정,서울특별시 성동구 금호동3가 1,127.02439150925005,37.55035248014883
11590-900000557,기존구역(신통추진),동작구,흑석동,조합,흑석동 304,철거신고,운영,695,흑석11 재정비촉진구역 주택재개발정비사업,동작구 흑석동 304번지,89332.5,144439.98,제1종일반주거지역 제2종일반주거지역(7층) 제3종일반주거지역,중심지 미관지구,70771.7,390.39,5336.1,1557.6,3048.5,,2933.9,공동주택,23.59,204.09,51,16,6,1249,530,659,60,266,141,92,33,,시행단계,정,서울특별시 동작구 흑석동 304,126.96914677929333,37.50554496543019
11230-100003002,,동대문구,청량리동,조합,청량리동 205,사업시행인가,운영,688,청량리제6주택재개발정비구역,동대문구 청량리동 205번지 일대,83883.1,227419.52,제2종일반주거지역(12층이하),,63056.3,14800.8,4200,,,,700,공동주택 및 부대복리시설,25,234,72,16,,1242,543,612,87,255,78,,177,,시행단계,정,서울특별시 동대문구 청량리동 205,127.04298896509074,37.589655024357555
11230-100006042,,동대문구,이문동,조합,이문동 149-8,일반분양승인,운영,1571,이문3재정비촉진구역,동대문구 이문동 149-8,137372,669722.26,준주거지역,중심지미관지구,120457,19649,12967,0,0,0,1710,공동주택판매및오피스텔,26.21,357.18,143,41,6,4140,2106,1312,722,1308,349,222,737,,완료단계,정,서울특별시 동대문구 이문동 149-8,127.06352557264643,37.598497983051836
11545-900001313,2차선정구역,금천구,시흥동,조합,시흥동 871,조합설립인가,운영,902,독산시흥구역 주택정비형 재개발사업,금천구 시흥동 871-0,88326.3,302331.3,제1종일반주거지역 제2종일반주거지역(7층이하) 제3종일반주거지역,,63928.7,15278.8,6220,0,598.8,0,2300,공동주택 및 부대복리시설,20.3,300,45,3,45,1730,927,725,78,342,100,160,82,,시행준비단계,정,서울특별시 금천구 시흥동 871,126.90123866768074,37.4580001300106
11230-100003011,,동대문구,제기동,조합,제기동 288,철거신고,운영,380,제기제4구역 주택재개발정비사업,동대문구 제기동 288번지,33485.7,117027.93,제2종일반주거지역 특별건축구역,,3348.57,356.97,,,,,,공동주택,29.88,249.96,,25,2,753,625,128,,156,59,81,16,,시행단계,정,서울특별시 동대문구 제기동 288,127.04204868222104,37.58508308383265
11230-100003008,,동대문구,신설동,조합,신설동 92-5,사업시행인가,운영,94,신설제1구역 공공재개발 정비사업 주민대표회의,동대문구 신설동 92-5,11204.2,45794.47,제2종 일반주거지역,제2종 일반주거지역,10124.8,845.05,0,0,0,0,234.3,공동주택/근린생활시설/부대시설,29.64,298.81,72,24,2,189,69,96,24,110,14,1,95,0,시행단계,정,서울특별시 동대문구 신설동 92-5,127.02706817710327,37.57614135464208
11230-100003013,,동대문구,제기동,조합,제기동 120-104,관리처분인가,운영,198,제기제6주택재개발 정비구역,동대문구 제기동 120-104번지,24320.6,56302.97,제2종 일반주거지역,,17497,4006.1,2457.7,,359.8,,,아파트,24.97,239.81,49,19,2,312,98,162,52,65,28,28,9,,시행단계,정,서울특별시 동대문구 제기동 120-104,127.03932185232405,37.58733917137475
11230-100006045,,동대문구,휘경동,조합,휘경동 172,일반분양승인,운영,603,휘경3재정비촉진구역 주택재개발정비사업조합,동대문구 휘경동 172번지,65338,195963.42,제3종일반주거지역,재정비촉진지구,41652,9316,3195,6310,1480,,3385,공동주택 및 부대복리시설,18.45,29.96,118,35,3,1785,397,1387,1,314,87,70,157,,완료단계,정,서울특별시 동대문구 휘경동 172,127.06263591982054,37.59294496557999
11230-100006044,,동대문구,이문동,조합,이문동 86-1,관리처분인가,운영,1470,이문4재정비촉진구역,동대문구 이문동 86-1,148977.2,505257.98,일반주거지역,재정비촉진지구,44544,20861.6,11311.8,0,0,9781.6,2589,공동주택 및 부대복리시설,35,317,122,40,5,2700,1652,679,369,928,657,219,52,,시행단계,정,서울특별시 동대문구 이문동 86-1,127.06649538865601,37.59676630013428
11230-100006043,,동대문구,이문동,조합,이문동 257-42,일반분양승인,운영,1759,이문1재정비촉진구역,동대문구 이문동 257-42번지,144856,458412.65,제2종 및 제3종 일반주거지역 일반상업지역,재정비촉진지구,115829,17621,9228,0,0,0,2178,공동주택,30,247.6,75,27,5,2528,1235,1185,108,541,236,249,56,,완료단계,정,서울특별시 동대문구 이문동 257-42,127.06023693947749,37.600094303013705
11620-900001081,1차선정구역,관악구,신림동,공공지원자,신림동 675,정비구역지정,운영,780,신림7재정비촉진구역,신림동 675,76880,,,,,,,,,,,,,,,25,,0,,,,0,,,,,계획단계,정,강원특별자치도 원주시 신림면 신림리 675,128.07884680196153,37.22419794125065
11230-100009003,,동대문구,전농동,조합,전농동 103-236,조합설립인가,운영,717,전농제9구역 공공재개발정비사업 주민대표회의,전농동 103-236번지 외,49061,170220.15,제3종일반주거지역,정비구역기타(주택재개발 정비예정구역)<도시 및 주거환경정비법> 과밀억제권역<수도권정비계획법>,36229,7732,3600,,,,1500,공동주택 세대 및 (1159 )  부대복리시설 공공청사,18.18,299.68,175,35,3,920,503,355,62,239,96,29,114,향후 건축심의 및 사업시행인가에 따라 확정예정,시행준비단계,정,서울특별시 동대문구 전농동 103-236,127.05140794832118,37.5835592524179
11230-100009002,,동대문구,청량리동,조합,청량리동 435,사업시행인가,운영,279,청량리제8구역 주택재개발정비사업조합,동대문구 청량리동 435번지,29001,90086.06,제3종 일반주거지역,,23136.8,2430.9,2119.5,,,,1313.8,공동주택 및 부대복리시설,15.99,246.98,70,24,3,460,148,264,48,150,46,51,53,,시행단계,정,서울특별시 동대문구 청량리동 435,127.04454697359758,37.585440485823916
11230-900000737,,동대문구,용두동,추진위원회,용두동 23-1,조합설립추진위원회승인,운영,89,용두1도시환경정비구역 제5지구,동대문구 용두동 23-1,15457.1,36948,,,,,,,,,,준주거지역,50,549,60,18,5,693,,211,482,0,,,,,시행준비단계,정,서울특별시 동대문구 용두동 23-1,127.04024551962982,37.578327513369054
11260-900000170,,중랑구,중화동,공공지원자,중화동 329-38,정비구역지정,일시중단,981,중화2재정비촉진구역 주택재개발정비사업,중랑구 중화동 329-38,,303713,"제2종 일반주거지역, 제3종일반주거지역",,103151,10754,14310,9350,,,3290,공동주택및부대복리시설,30,295.3,125,34,2,2317,985,680,652,550,221,228,101,부분임대326,계획단계,정,서울특별시 중랑구 중화동 329-38,127.07578927516865,37.60027370683249
11230-900001190,,동대문구,휘경동,추진위원회,휘경동 43-188,조합설립추진위원회승인,운영,472,휘경제5 주택정비형 재개발구역,동대문구 휘경동 43-188,49397,107428.48,제1종일반주거지역 제2종일반주거지(7층 이하),최고고도지구 고도지구,49397,1635,1200,0,0,2200,4914,공동주택,29.64,152.62,,7,2,589,358,217,14,45,12,33,,,시행준비단계,정,서울특별시 동대문구 휘경동 43-188,127.06696407419848,37.58533645067576
11260-100003045,,중랑구,중화동,조합,중화동 331-64,일반분양승인,운영,412,중화1재정비촉진구역,중랑구 중화동 331-1번지,44725.5,146109.23,도시지역 제23종일반주거지역,일반미관지구,32561.3,3268.9,4556,3020.7,1199.5,,119.1,공동주택(아파트)및 부대복리시설,20.6,299.95,100,35,2,835,376,421,38,220,87,69,64,부분임대포함,완료단계,정,서울특별시 중랑구 중화동 331-1,127.07566565813642,37.60298284334281
11260-900001173,,중랑구,중화동,조합,중화동 122,조합설립인가,운영,833,중화5구역 주택정비형 공공재개발사업,중랑구 중화동 122-0,71465.9,2508917.68,제2종일반주거지역,제2종일반주거지역(7층이하),55322,10309.9,4830,,,,1004,공동주택 및 부대복리시설,22.07,290.11,105,35,2,1196,527,627,42,414,81,35,298,,시행준비단계,정,서울특별시 중랑구 중화동 122,127.08499230316953,37.60160567245489
11290-100001003,,성북구,정릉동,추진위원회,정릉동 894,조합설립추진위원회승인,일시중단,419,정릉3구역주택재개발정비사업조합추진위원회,성북구 정릉동 640-17번지 일대,49700,,,,,,,,,,,,,,,,,0,,,,0,,,,,시행준비단계,정,서울특별시 성북구 정릉동 640-17,127.00180006003153,37.605594575148345
11590-900001319,2차선정구역,동작구,상도동,조합,상도동 279,조합설립인가,운영,2108,상도15구역 주택정비형 재개발사업,동작구 상도동 279-0,141286.8,473303.17,제2종일반주거지역,,,8205.7,10351.3,,,,2848.8,공동주택,20.21,249.98,,35,4,2704,1123,1361,220,500,192,,308,,시행준비단계,정,서울특별시 동작구 상도동 279,126.93589872388675,37.49631022972663
11290-100009003,,성북구,동소문동,조합,동소문동2가  33,조합설립인가,운영,239,동소문제2구역 주택재개발정비사업,동소문동2가 33번지 외 248필지,20657.3,80797.63,준주거지역 일반상업지역,,15319.8,4247.3,860,,230.2,,,공동주택및 부대복리시설 판매시설,37,337,100,29,3,421,195,184,42,73,30,35,8,,시행준비단계,정,서울특별시 성북구 동소문동2가 33,127.00711386791525,37.5883678470468
11290-100007003,,성북구,보문동,조합,보문동1가 196-11,착공신고,운영,156,보문제5구역 주택재개발정비사업,성북구 보문동1가 196-11번지,10798.5,65273.1,준주거지역,,,,,,,,,아파트 및 판매시설,55.62,292.67,,26,5,186,,149,37,0,,,,,시행단계,정,서울특별시 성북구 보문동1가 196-11,127.02054200870914,37.58484227191192
11290-100009002,,성북구,삼선동,조합,삼선동2가 296,일반분양승인,운영,419,삼선제5주택재개발정비사업,성북구 삼선동2가 296번지,63918.5,174294.29,제2종일반주거지역,,48086.8,9861.1,3670,,,2300.6,49139.4,공동주택및복리시설,25.87,230.29,51,18,4,1015,731,284,,208,119,89,,,완료단계,정,서울특별시 성북구 삼선동2가 296,127.01027470483794,37.584136464632564
11440-900001094,기존구역(신통추진),마포구,공덕동,조합,공덕동 115-97,조합설립인가,운영,402,공덕7구역 주택정비형 재개발사업,공덕동 115-97,29972,,제2종일반주거지역,,,,,,,,,공동주택 및 부대복리시설,60,234.94%,85,26,,0,,,,0,,,,,시행준비단계,정,서울특별시 마포구 공덕동 115-97,126.95838803943865,37.54817267854871
11230-900000765,,동대문구,답십리동,조합,답십리동 952,사업시행인가,운영,553,답십리자동차부품상가 도시정비형 재개발정비사업,동대문구 답십리동 952-0,17882,179241.6,주거지역상업지역,,14094,2093,1695,,,,,공동주택 및 판매시설,59.26,799.87,1021,29,9,478,101,353,24,140,19,12,109,,시행단계,정,서울특별시 동대문구 답십리동 952,127.05980471029913,37.56599954170589
11290-900000097,,성북구,돈암동,조합,돈암동 48-29,조합설립인가,운영,527,돈암제6 주택재개발정비구역,성북구 돈암동 48-29,43438.8,1649855330,도시지역 제3종일반주거지역,중심경관관리구역,35445.8,5375,2298,,,,320,공동주택,22.65,268.34,71,25,7,735,253,350,132,165,46,44,75,,시행준비단계,정,서울특별시 성북구 돈암동 48-29,127.02089347941754,37.59925142741365
11290-100016009,,성북구,장위동,조합,장위동 289,착공신고,운영,1172,장위4구역 주택재개발정비사업조합,성북구 장위동 62-1번지,153501,428982,제2종일반주거지역,일반미관지구,105997,29254,5021,5500,2251,0,2399,공동주택,23.15,263.36,,32,3,2356,825,1438,93,484,194,200,90,,시행단계,정,서울특별시 성북구 장위동 62-1,127.0565592894435,37.61354932661835
11290-100016005,,성북구,장위동,조합,장위동 233-42,조합설립인가,운영,1593,장위15구역 주택재개발정비사업,장위동 233-42,189450,401598.28,제12종 일반주거지역(712층),,63237,21509,27802,4324,1950,7652,,공동주택 및 복리시설,60,236,100,33,,2464,572,963,929,420,179,193,48,,시행준비단계,정,서울특별시 성북구 장위동 233-42,127.048283745397,37.61212995645881
11290-100016014,,성북구,장위동,조합,장위동 25-55,착공신고,운영,786,장위제6구역주택재개발정비사업조합설립추진위원회,성북구 장위동 25-55,105163.9,250368.9,도시. 주거지역,제1.2.3종 일반주거지역,61422.6,16629.3,22782,2565.3,1764.7,,,공동주택(아파트) 및 복리시설,19.28,264.48,93,33,3,1352,473,818,61,285,129,126,30,,시행단계,정,서울특별시 성북구 장위동 25-55,127.0588515630498,37.61580726440066
11290-100023000,,성북구,정릉동,조합,정릉동 175,조합설립인가,운영,290,길음5재정비촉진구역,성북구 정릉동 175번지,36333.9,118000.19,제3종 일반주거지역,재정비촉진지구,26782.1,5970.1,2046.7,900,364,,1535,공동주택(아파트),16.54,279.78,,30,6,660,261,348,51,158,42,49,67,,시행준비단계,정,서울특별시 성북구 정릉동 175,127.01586730889169,37.60431826366338
11290-100016004,,성북구,장위동,조합,장위동 233-552,조합설립인가,운영,1427,장위14구역 주택재개발정비사업조합,성북구 장위동 233-552번지,145174.6,392654.68,제1종 제2종 일반주거지역,재정비촉진지구,106512,21359,7442.3,0,1212,0,10104.6,공동주택 및 부대복리시설,21.58,211.59,71,25,7,2000,767,1139,94,439,189,203,47,,시행준비단계,정,서울특별시 성북구 장위동 233-552,127.04363248993188,37.61262531137391
11290-900000106,,성북구,정릉동,조합,정릉동 757,관리처분인가,운영,636,정릉3동 주택재개발,성북구 정릉동 757번지,203965,252884,제1종일반주거지역 제1종지구단위계획구역,자연경관지구,162151,19285,1810,13056,0,0,7663,공동주택,41.12,109.13,20,4,2,1417,,1156,261,0,,,,,시행단계,정,서울특별시 성북구 정릉동 757,127.00271497928101,37.614149863654305
11290-100004001,,성북구,성북동,조합,성북동 179-68,조합설립인가,운영,1192,성북제1구역주택재개발정비사업조합설립추지위원회,성북1동 179-68번지,127899,338500.8,"1종,2종일반주거지역",자연경관지구,106566,7516,4875,4659,4283,0,0,공동주택,27,221.04,,13,2,2044,551,1164,329,348,348,,,,시행준비단계,정,서울특별시 성북구 성북동 179-68,127.0052173132824,37.59103279988949
11410-900001120,1차선정구역,서대문구,홍은동,공공지원자,홍은동 8-400,정비구역지정,운영,557,홍은동 8-400 일대,홍은동 8-400,88211,,,,,,,,,,,,,,,,,0,,,,0,,,,,계획단계,정,서울특별시 서대문구 홍은동 8-400,126.95033483038084,37.599155991646654
11290-900001228,,성북구,장위동,조합,장위동 238-83,조합설립인가,운영,707,장위9구역 공공재개발사업,성북구 장위동 238-83,84248,,제2종일반주거지역 제2종일반주거지역(7층),,72355.7,3102.3,6690,,,,2100,공동주택(아파트) 및 부대복리시설,21.38,299.99,150,3,38,1467,641,766,60,763,112,450,201,,시행준비단계,정,서울특별시 성북구 장위동 238-83,127.05041834162547,37.61412635690783
11290-900001226,,성북구,장위동,조합,장위동 85,조합설립인가,운영,1277,장위8구역 공공재개발정비사업,성북구 장위동 85-0,121634,431333.8,제1종 제2종(7층이하) 제2종일반주거지역,,96859,13787,9148,,,,1840,공동주택 및 부대복리시설,26.24,299.83,120,38,3,2062,1052,940,70,784,144,,640,,시행준비단계,정,서울특별시 성북구 장위동 85,127.05484921955458,37.61652481596304
11305-900000027,,강북구,미아동,조합,미아동 791-364,일반분양승인,운영,549,미아 제3구역 주택재개발,강북구 미아동 791-364번지,59465,149658.84,제2종 일반주거지역,미관지구,4760.74,6604.1,3000.7,0,891,0,,공공주택 및 부대복리시설,60,227.7,73,21,3,843,355,425,63,174,72,72,30,세대수,완료단계,정,서울특별시 강북구 미아동 791-364,127.01860557556192,37.62744931019916
11290-100016010,,성북구,장위동,조합,장위동 68-37,관리처분인가,운영,650,장위10구역주택재개발정비사업,성북구 장위동 68-37,94245,286514.82,제2종일반주거지역,일반미관지구,733.69,7766,,10227,1109,874,900,공동주택 및 부대복리시설,19.04,264.22,94,23,3,1506,346,916,244,320,,,320,,시행단계,정,서울특별시 성북구 장위동 68-37,127.05301973020232,37.612292641561055
11350-100002014,,노원구,상계동,조합,상계동 111-548,사업시행인가,운영,305,상계1재정비촉진구역,노원구 상계동 111-548,86432.5,205097.38,제123종 일반주거지역 자연녹지지역,재정비촉진지구,56945.5,8825.6,18137,0,531,0,1993.4,공동주택 및 근린생활시설,17.37,215.54,88,25,5,1098,551,547,,290,155,125,10,85m2 초과세대 없음.,시행단계,정,서울특별시 노원구 상계동 111-548,127.08190018729837,37.67075207724374
11380-100001045,,은평구,대조동,조합,대조동 88,착공신고,운영,1573,대조제1구역 주택재개발정비사업조합,은평구 대조동 88번지 등,111665.3,363149.67,일반주거지역,제2종,92088.1,12220.3,7356.9,,,,,,24.83,243.48,75,25,4,2083,985,561,537,368,171,165,32,,시행단계,정,서울특별시 은평구 대조동 88,126.92335427387589,37.612043109901094
11350-900001304,,노원구,상계동,공공지원자,상계동 71-183,정비구역지정,운영,0,,상계동 71-183,,,,,,,,,,,,,,,,,,0,,,,0,,,,,계획단계,정,서울특별시 노원구 상계동 71-183,127.08366454434136,37.6708634219722
11380-100001065,,은평구,수색동,조합,수색동 16-2,관리처분인가,운영,329,수색 8구역 주택재개발 정비사업조합,수색동 16-2번지,29884,833.35,제2종 일반주거지역,,29884,9512,,,,,,주택 및 근생,24,263.89,64,,,479,170,309,,99,40,40,19,,시행단계,정,서울특별시 은평구 수색동 16-2,126.89908982881406,37.58366603150684
11380-100001068,,은평구,수색동,조합,수색동 341-6,일반분양승인,운영,792,수색13재정비촉진구역(주택재개발사업),수색동 341-6,69727,211065.62,2종(7층 12층)일반주거지역,항공기지구역(비행안전구역),55397,6534,2256,2594,,,2946,공동주택 및 부대복리시설,21.88,231.86,65,20,4,1402,801,353,248,278,108,89,81,임대 포함,완료단계,정,서울특별시 은평구 수색동 341-6,126.89289765206001,37.58566818600313
11380-100001064,,은평구,수색동,조합,수색동 115-5,일반분양승인,운영,539,수색6재정비촉진구역주택재개발정비사업조합,은평구 수색동 115-5,66062,179097.07,,,43809,15311,1502,2579,,456,,공동주택(아파트)및 부대복리시설,22.59,267.79,84,30,3,1015,315,700,,208,88,97,23,,완료단계,정,서울특별시 은평구 수색동 115-5,126.89528900241727,37.58365554427179
11410-100003003,,서대문구,홍은동,조합,홍은동 11-111,착공신고,운영,385,홍은제13구역 주택재개발정비사업조합,홍은동 11-111번지 일대,36220,110158,제2종일반주거지역(7층)제3종일반주거지역,주택재개발지역,36220,6988,2394,0,367,0,1253,아파트및근린생활시설,29,196,45,15,3,827,590,56,181,131,64,53,14,,시행단계,정,서울특별시 서대문구 홍은동 11-111,126.94723998457273,37.600594925007165
11410-100008003,,서대문구,북아현동,조합,북아현동 520,사업시행인가,운영,1261,북아현2재정비촉진구역,서대문구 북아현동 520번지,120055.8,301044.27,제2종일반주거지역준주거,재개발지구,83709.4,12209.2,3919.1,5361.3,241.1,8930,2983,공동주택(아파트)및부대복리시설,18.28,241.64,103,35,3,1422,150,688,584,292,132,124,36,,시행단계,정,서울특별시 서대문구 북아현동 520,126.95943043249234,37.559587514104734
11200-100002010,기존구역(신통추진),성동구,성수동,조합,성수동2가 506,조합설립인가,운영,1092,성수전략정비구역 제2지구 주택재개발정비구역,성동구 성수동2가 506번지,131980,273966.9,제2종일반주거지역(7층)제3종일반주거지역,,68176,22207,30200,,1342,,10055,공동주택,17.63,317.01,150,50,,1582,376,825,381,325,118,,207,,시행준비단계,정,서울특별시 성동구 성수동2가 506,127.05275613005132,37.53772001903207
11410-900001218,,서대문구,연희동,추진위원회,연희동 721-6,조합설립추진위원회승인,운영,655,연희2구역 주택정비형 공공재개발사업,서대문구 연희동 721-6,49745,104476.84,제1종 제2종 일반주거지역,,44263.4,1054.2,4427.4,,,,,공동주택,21.19,238.34,75,27,2,844,311,445,88,223,34,,189,,시행준비단계,정,서울특별시 서대문구 연희동 721-6,126.93211826204282,37.576951137981375
11440-900000735,,마포구,도화동,조합,도화동 536,사업시행인가,운영,162,마포로1구역 제10지구 도시정비형 재개발사업,마포구 도화동 536,3280.5,44403.7,일반상업지역,주상복합지구,3280.5,76.5,,,,,,비주거,51.36,869.84,23,23,7,100,,,100,0,,,,,시행단계,정,서울특별시 마포구 도화동 536,126.94739378555259,37.5425671941621
11410-100005002,,서대문구,영천동,조합,영천동 69-20,착공신고,운영,115,영천 주택재개발 정비사업,영천동 69-20번지,11154.2,55400.68,,,6744.9,3077.1,,,1322.2,,,공공주택 및 판매시설,40.56,399.31,76,23,5,199,71,126,2,0,,,,,시행단계,정,서울특별시 서대문구 영천동 69-20,126.96026146306554,37.571208895785155
11410-900000078,,서대문구,북가좌동,조합,북가좌동 73-1,조합설립인가,운영,704,가재울7재정비촉진구역 주택재개발정비사업조합,서대문구 북가좌2동 73-1번지,79696,237137.06,제2종 일반주거지역,재정비촉진지구,57799,6767,5549,1043,0,7438,1100,공동주택 및 부대복리시설,20.52,254.91,736,29,3,1350,405,631,314,224,108,95,21,임대224세대,시행준비단계,정,서울특별시 서대문구 북가좌동 73-1,126.91307513564446,37.579589564098335
11350-100002017,,노원구,상계동,조합,상계동 109-43,조합설립인가,운영,801,상계5재정비촉진구역,노원구 상계동 109-43번지,115964.1,151420.87,제23종일반주거지역 준주거지역,,49506,24934.9,15745.9,,8559,,266.2,공동주택,24.82,261,,33,3,1250,213,727,310,213,105,86,22,,시행준비단계,정,서울특별시 노원구 상계동 109-43,127.07815439674438,37.667790160767
11200-900000044,기존구역(신통추진),성동구,성수동,조합,성수동2가 572-7,조합설립인가,운영,960,성수전략정비구역 제3지구,성동구 성수동2가 572-7번지,114193,,일반주거지역,"미관지구,방화지구",65005,28171,16768,,4199,,,공동주택,18.35,316.78,150,,,1537,367,800,370,315,34,78,203,,시행준비단계,정,서울특별시 성동구 성수동2가 572-7,127.0567840435244,37.53715415672816
11290-100016013,,성북구,장위동,추진위원회,장위동 350,조합설립추진위원회승인,운영,392,장위3구역주택재개발정비사업조합,성북구 장위동 305일대,66011,159270.59,서울시 성북구 장위동 305번지 일대,제2종 일반주거지역,52651,4009,8321,0,10,0,0,2종일반주거지역,14.44,229.94,88,29,2,473,32,432,9,184,84,79,21,건축면적은 전용면적으로 대치,시행준비단계,정,서울특별시 성북구 장위동 305,127.04815726913172,37.62175629411164
11200-900000045,기존구역(신통추진),성동구,성수동,조합,성수동2가 219-4,조합설립인가,운영,753,성수전략정비구역 제4지구,성동구 성수동2가 219-4번지,89828,217309.08,"제2종(7층이하), 제3종일반주거지역, 자연녹지지역","역사문화미관지구, 일반미관지구",56270,18678,10584,3496,,,,공동주택,20.96,314.98,150,50,,1310,415,580,315,269,98,,171,,시행준비단계,정,서울특별시 성동구 성수동2가 219-4,127.05832060584912,37.53626470155901
11710-900001101,1차선정구역,송파구,마천동,추진위원회,마천동 45-,조합설립추진위원회승인,운영,1164,마천5구역 재개발정비사업,송파구 마천동 45,106514.4,,제123종 일반주거지역,,82629.4,3270.7,7214.3,,10638.4,,,아파트,,237.15,130,39,2,2041,666,1145,230,408,80,,328,,시행준비단계,정,서울특별시 송파구 마천동 45,127.14859065695042,37.49984046118096
11290-900001296,1차선정구역,성북구,하월곡동,공공지원자,하월곡동 70-1,정비구역지정,운영,624,하월곡1구역 주택정비형 재개발사업,성북구 하월곡동 70-1,80699,,,,,,,,,,,,,,,35,,,,,,403,,,,,계획단계,정,서울특별시 성북구 하월곡동 70-1,127.03525256928836,37.60726661083475
11530-900001080,,구로구,고척동,추진위원회,고척동 103-4,조합설립추진위원회승인,운영,999,,구로구 고척동 103-4,,,,,,,,,,,,,,,,,,0,,,,0,,,,,시행준비단계,정,서울특별시 구로구 고척동 103-4,126.8604642544227,37.499777196138425
11590-100001001,,동작구,노량진동,조합,노량진동 278-2,사업시행인가,운영,1081,노량진1재정비촉진구역,동작구 노량진동278-4번지,132132,471972.52,제3종 일반 주거지역,재정비촉진지구,106125,10237,9000,,,,6770,공동주택 및 부대시설,25.88,265.67,110,33,4,2461,1322,1041,98,531,214,180,137,,시행단계,정,서울특별시 동작구 노량진동 278-4,126.93616512405664,37.51193857652585
11305-100005001,,강북구,미아동,조합,미아동 791-108,조합설립인가,운영,412,미아제11구역 주택재개발정비사업,강북구 미아동 791-108,35891,106076.78,제2종 일반주거지역,,,4340,1935,,,,,공동주택 및 부대복리시설,26.95,242.98,,26,3,495,,,495,103,,,103,,시행준비단계,정,서울특별시 강북구 미아동 791-108,127.02000423536747,37.62959635559182
11470-900001147,기존구역(신통추진),양천구,신정동,조합,신정동 1152-1,조합설립인가,운영,445,신정동 1152번지 일대 주택정비형 재개발사업,양천구 신정동 1152-1,44082.8,,제1종일반주거지역 / 제2종일반주거(7층이하)지역,해당없음,40507.8,139.3,3435.7,,,,,공동주택 및 부대복리시설,60,212.78,84,15,,956,406,466,84,121,48,36,37,,시행준비단계,정,서울특별시 양천구 신정동 1152-1,126.85204349512655,37.51591146523108
11290-100014002,,성북구,길음동,조합,길음동 542-1,일반분양승인,운영,180,길음역세권재정비촉진구역 주택재개발정비사업조합,성북구 길음동 542-1번지,13449,75303.87,준주거지역 제3종일반주거지역,중심미관지구,13449,1850,1280,,,,,공동주택 및 판매/교육연구,52.61,399.59,110,35,5,276,72,97,107,63,24,24,15,,완료단계,정,서울특별시 성북구 길음동 542-1,127.02297883490375,37.60369207956118
11590-100005001,,동작구,노량진동,조합,노량진동 294-220,철거신고,운영,812,노량진6재정비촉진구역,동작구 노량진동 294-220번지,73892,197896.86,제3종 일반 주거지역,일반미관지구,49352,7719,7536,,9285,,,아파트 및 부대복리시설,17.37,255.63,8675,28,4,1040,341,601,98,243,103,104,36,,시행단계,정,서울특별시 동작구 노량진동 294-220,126.935021551522,37.508891024119755
11590-100001000,,동작구,노량진동,조합,노량진동 232-19,사업시행인가,운영,586,노량진 제3재정비촉진구역,동작구 노량진동 232-19번지,73300,108105.29,제3종일반주거지역,재정비촉진구역,44300,3242,13697,,,12061,,아파트,24.34,244.03,,,,838,198,443,197,174,80,74,20,,시행단계,정,서울특별시 동작구 노량진동 232-19,126.94051334383275,37.51046630554409
11590-100010000,,동작구,대방동,조합,대방동 13-31,관리처분인가,운영,376,노량진7재정비촉진구역,동작구 대방동 13-31번지,33613,,,,22478,2533.5,6887.6,,890.4,365,,공동주택,20.96,228.97,,,,420,82,268,70,90,44,36,10,,시행단계,정,서울특별시 동작구 대방동 13-31,126.93360243824925,37.50659227786154
11590-100002006,,동작구,흑석동,조합,흑석동 253-89,착공신고,운영,1042,흑석3재정비 촉진구역,흑석동253-89번지 외 808필지,103497.4,168683.95,제12종 일반주거지역,,77410.3,16179.4,9549.4,,4245.9,358.3,1283,공동주택,23.67,244.77,572,20,5,1130,542,552,36,338,156,136,46,,시행단계,정,서울특별시 동작구 흑석동 253-89,126.96082713136865,37.50030847348319
11410-900001337,,서대문구,충정로3가,공공지원자,충정로3가 281-11,정비구역지정,운영,0,충정로1구역 주택정비형 공공재개발사업,서대문구 충정로3가 281-11,7523.1,32005.38,,준주거지역/제3종 일반주거지역,7112.5,201.9,,,208.7,,,공동주택,31.21,449.99,100,30,4,196,84,83,29,101,37,,64,,계획단계,정,서울특별시 서대문구 충정로3가 281-11,126.96443501176151,37.56090398616838
11590-100005006,,동작구,노량진동,조합,노량진동 227-5,관리처분인가,운영,417,노량진촉진4구역,노량진 227-5,40512.5,137273.18,제1종 일반주거지역 제2종 일반주거지역(혼재),,31540.8,5554.7,1508,,,,1909,공동주택 및 부대복리시설,22.82,247.48,90,30,5,699,338,361,,145,58,64,23,,시행단계,정,서울특별시 동작구 노량진동 227-5,126.9418500107845,37.50765092687683
11590-100009000,,동작구,대방동,조합,대방동 23-61,관리처분인가,운영,437,노량진8 재정비촉진구역 주택재개발정비사업조합,동작구 대방동 23-61번지,55832.9,154331.84,2종일반주거지역 2종일반주거(7층이하),-,42080.9,11514,0,0,1453,785,,공동주택,20.08,229.44,300,29,3,1007,497,462,48,172,80,70,22,0,시행단계,정,서울특별시 동작구 대방동 23-61,126.93216750975438,37.51144732884046
11560-900001056,2차선정구역,영등포구,대림동,공공지원자,대림동 855-1,정비구역지정,운영,314,대림1구역,대림동 855-1,42505,,,,,,,,,,,,,,,,,0,,,,0,,,,,계획단계,정,서울특별시 영등포구 대림동 855-1,126.90333266668883,37.49357890933607
11110-900001275,1차선정구역,종로구,창신동,공공지원자,창신동 23-2,정비구역지정,운영,335,창신동 23일대 주택정비형 재개발사업,종로구 창신동 23-2,64822.4,165994.04,제1종 일반주거지역 / 제2종 일반주거지역(7층 이하) / 제2종 일반주거지역 / 제3종 일반주거지역,해당없음,47244.8,7535.7,10041.9,,,,,공동주택 및 부대복리시설,28.27,214.65,125,28,7,879,338,421,120,159,62,81,16,,계획단계,정,서울특별시 종로구 창신동 23-2,127.01372649154357,37.57684911333228
11620-100003010,,관악구,봉천동,조합,봉천동 480,사업시행인가,운영,493,관악구 봉천동 4-1-3구역 주택재개발 정비사업,관악구 봉천동 480번지,79832,160576.78,제2종 일반주거지역(7층) 제3종 일반주거지역,,35303.1,948.8,,3999.8,,,985,공동주택 및 부대복리시설 등,27.36,259.53,83,28,3,694,314,274,106,161,46,81,34,,시행단계,정,서울특별시 관악구 봉천동 480,126.94793207480704,37.48971938535563
11290-900000159,,성북구,성북동,조합,성북동 226-103,사업시행인가,운영,361,성북제2구역주택재개발정비사업,성북동 226-103번지,75072.8,37918.07,제1종 전용주거지역 자연녹지지역,자연경관지구,62469.9,7847.7,4458.9,,296.3,,,공동주택 및 부대복리시설,35.9,89.13,14,4,3,195,61,134,,0,,,,단독주택 별도,시행단계,정,서울특별시 성북구 성북동 226-103,126.99100748906939,37.59318456431448
11200-100002009,기존구역(신통추진),성동구,성수동,조합,성수동1가 72-10,조합설립인가,운영,1332,성수전략정비구역 제1지구,성동구 성수동1가 72-10번지,194398,422268.26,제2종제3종 일반주거지역자연녹지지역,역사문화미관지구,105595,39800,33612,,4115,10528,748,,21.47,309.22,50,,,2414,129,1704,581,495,52,130,313,,시행준비단계,정,서울특별시 성동구 성수동1가 72-10,127.04923498384366,37.53989549581591
11620-900000021,,관악구,봉천동,조합,봉천동 1,사업시행인가,운영,668,봉천제14구역 재개발정비사업,봉천3동 4-51번지 일원,74264.5,148486,제3종일반주거지역,,58782.2,9079.7,5134.1,,1268.5,,,공동주택 등,23.46,270.83,884,27,4,1311,643,560,108,260,95,85,80,1571세대,시행단계,정,서울특별시 관악구 봉천동 4-51,126.95867936759228,37.49012278417498
11710-900001138,,송파구,거여동,조합,거여동 549,조합설립인가,운영,740,거여새마을구역 공공재개발정비사업,송파구 거여동 549-0,71922.4,157508.74,제1종2종(7층)2종 3종일반주거지역 자연녹지지역,,57562.2,5143.7,5500.8,,,,3715.7,공동주택,33.36,282,132,35,2,1186,647,419,120,468,83,91,294,,시행준비단계,정,서울특별시 송파구 거여동 549,127.14844356558311,37.49206075321381
11140-900000749,기존구역(신통추진),중구,신당동,조합,신당동 236-100,조합설립인가,운영,765,신당제10구역주택재개발정비사업,중구 신당동 236-100,63893.4,230468.45,제2종제3종 일반주거지역 일반상업지역,,47795.1,9989.9,6108.4,,,,,공동주택 및 부대복리시설,28.1,299.8,175,35,3,1107,508,429,170,316,52,77,187,,시행준비단계,정,서울특별시 중구 신당동 236-100,127.01216917651539,37.564270724700826
11710-900000144,,송파구,마천동,조합,마천동 283-,조합설립인가,운영,1601,마천3재정비촉진구역,마천동 283,13493,411564.83,도시지역 제2종일반주거지역,재정비촉진지구 과밀억제권역 등,90211.2,20056,12849.7,0,0,0,1181.33,공동주택 및 근린생활시설 등,22.71,267.85,119,25,5,1969,582,1229,158,395,152,158,85,,시행준비단계,정,경상남도 함양군 마천면 추성리 283,127.69482185357032,35.393273348012954
11710-900000742,,송파구,마천동,조합,마천동 194-1,조합설립인가,운영,1726,마천1재정비촉진구역 주택재개발정비사업,송파구 마천동 194-1,148498,2964338.23,제1종일반주거지역제2종(7층)일반주거지역제2종일반주거지역,3-1(제1종 일반주거)/3-23-3(제2종 일반주거),109590.5,24924.5,8952,,1991,,3040,공동주택/부대복리시설,25.61,217.59,100,25,3,2018,923,851,244,395,296,99,,,시행준비단계,정,서울특별시 송파구 마천동 194-1,127.15346651806698,37.4980845396213
11740-900001290,,강동구,천호동,조합,천호동 467-61,조합설립인가,운영,216,천호 A1-1구역 공공재개발 정비사업,강동구 천호동 467-61,26549,,제3종일반주거지역,,26548.97,5389.25,0,0,0,0,21159.72,공동주택 및 부대복리시설,50,359.94,125,40,,480,189,213,78,267,40,,227,,시행준비단계,정,서울특별시 강동구 천호동 467-61,127.11960081965472,37.54143757196
11260-900001189,1차선정구역,중랑구,면목동,조합,면목동 69-14,조합설립인가,운영,646,면목7구역 주택정비형 재개발사업,중랑구 면목동 69-14,58400.9,238433.17,제2종일반주거지역(7층이하) 제2종일반주거지역 제3종일반주거지역,해당사항 없음,50710.4,1960.5,4400,0,1330,0,0,공동주택(아파트) 및 부대복리시설,24.15,299.87,,35,3,1068,482,420,166,379,73,,306,,시행준비단계,정,서울특별시 중랑구 면목동 69-14,127.092886238247,37.5870964644513
11380-100001059,,은평구,수색동,조합,수색동 189,일반분양승인,운영,234,수색7재정비촉진구역 주택재개발정비사업조합,은평구 수색동 189,31793.6,100411.08,제2종일반주거지역(7층),제2종일반주거지역,25362,5357.6,270,758,,46,,공동주택(아파트),22.31,249,63,22,3,537,180,357,,112,45,45,22,,완료단계,정,서울특별시 은평구 수색동 189,126.89830859218391,37.58474541338985
11200-100002013,,성동구,금호동,조합,금호동4가 235-,조합해산,일시중단,477,금호제14주택재개발구역,성동구 금호동4가 235,33291,101029.67,제2종일반주거지역,,28182,2119.5,1681.8,647,,,,아파트,22.46,225.44,45,15,2,586,271,257,58,121,121,,,,완료단계,정,서울특별시 성동구 금호동4가 235,127.02406990404948,37.54611729569513
11410-100008007,,서대문구,북아현동,조합,북아현동 3-66,사업시행인가,운영,2536,북아현3 재정비촉진구역 주택재개발 정비사업조합,서대문구 북아현동 3-66번지,263100,619750.57,제2종일반주거지역,도시재정비촉진지구,180952.6,33481.6,36611.1,10,7476,139,4444,공공주택 및 부대복리시설,16.28,233.15,103,35,6,3015,534,1831,650,618,273,265,80,,시행단계,정,서울특별시 서대문구 북아현동 3-66,126.9579489802071,37.56342239673977
11500-900001312,,강서구,등촌동,조합,등촌동 649,조합설립인가,운영,45,등촌649 소규모재개발사업,강서구 등촌동 649번지 외 7필지,1608,10321.47,도시지역 준주거지역(기존:제3종 일반주거지역),,1608,,,,,,,공동주택,37.63,429.21,6,19,3,66,66,,,19,,,19,조합원(44)+일반(22),시행준비단계,정,서울특별시 강서구 등촌동 649,126.86226336367945,37.552909564635755
11590-100002004,,동작구,흑석동,조합,흑석동 43-7,조합설립인가,운영,210,흑석1재정비촉진구역,동작구 흑석동 43-7번지,26675,82260.2,제1종일반 제2종일반(7층) 제2종 일반 제3종 일반,,18165,6122,2388,,,,,공동주택및주민공동시설,39.1,294.17,,30,2,392,202,102,88,82,36,36,10,,시행준비단계,정,서울특별시 동작구 흑석동 43-7,126.96511956805122,37.50704389008229
11590-100005002,,동작구,노량진동,조합,노량진동 270-3,관리처분인가,운영,409,노량진5 재정비촉진구역 주택재개발정비사업조합,노량진동 270-3,38017,118672.22,제1종3종 일반주거지역,,29584.5,6968.5,1464,,,,,공동주택 및 부대복리시설,18.57,270.63,90,28,5,515,80,250,185,108,45,48,15,,시행단계,정,서울특별시 동작구 노량진동 270-3,126.93503746737633,37.51188532833898
11170-900000973,1차선정구역,용산구,청파동,공공지원자,청파동1가 89-18,정비구역지정,운영,1400,청파제2구역,청파동1가 89-18,82558.4,,,,,,,,,,,,,,,,,0,,,,0,,,,,계획단계,정,서울특별시 용산구 청파동1가 89-18,126.96723976734715,37.548408998608934
11560-900000711,,영등포구,신길동,조합,신길동 39-3,조합설립인가,운영,384,신길역세권 공공임대주택 건립관련 재개발사업,영등포구 신길동 39-3,29080,141731.96,제2종일반주거지역준주거지역일반상업지역,한강로지구,21051.5,2418.8,1263.7,,,,755.5,공동주택판매시설등,51.97,454.72,115,,,571,240,331,,428,,232,196,,시행준비단계,정,서울특별시 영등포구 신길동 39-3,126.91537698028449,37.516218143371724
11620-100004000,,관악구,신림동,조합,신림동 316-55,준공인가,운영,274,신림3재정비촉진구역,관악구 신림동 316-55,35136.4,79157.74,제1종제2종(7층)일반주거지역자연녹지지역,,22463.3,4078.5,7295.3,,,,1299.3,공동주택 및 부대복리시설,23.25,233.7,,17,4,473,225,248,,98,42,42,14,,완료단계,정,서울특별시 관악구 신림동 316-55,126.93332616598724,37.46091460716471
11590-100005005,,동작구,노량진동,조합,노량진동 312-75,철거신고,운영,146,노량진2재정비촉진구역,동작구 노량진동 312-75번지,16213,83746.91,준주거지역,재정비촉진지구,12111,4102,,,,,,공동주택판매시설 커뮤니트 지원시설,49.88,408.56,155,45,4,299,79,179,41,105,,,105,,시행단계,정,서울특별시 동작구 노량진동 312-75,126.93923841417528,37.50746568781045
11710-900000539,,송파구,마천동,조합,마천동 323-,관리처분인가,운영,706,마천4 재정비촉진구역 주택재개발정비사업조합설립(변경)인가서,마천동 323번지 일대,60080.8,216698.43,1종일반주거 2종(7층) 제3종 일반주거지역,주거지역,60080.8,9740.8,,1501.2,1407.1,0,2078.8,아파트,21.23,298.6,101,33,3,1065,452,581,32,307,104,142,61,,시행단계,정,경상남도 함양군 마천면 추성리 323,127.6950287963441,35.388096902106646
11740-900000983,,강동구,천호동,조합,천호동 397-419,조합설립인가,운영,216,천호동 397-419번지 일대 주택정비형 재개발구역,강동구 천호동 397-419,1929.2,66889.83,제2종일반주거지역,해당없,1925.6,3.63,,,,,,공동주택 및 부대복리시설,24.72,215.39,72,23,3,324,124,192,8,58,20,10,28,설계업체 및 도시계획업체 선정 시 추가 기재토록 함,시행준비단계,정,서울특별시 강동구 천호동 397-419,127.13205993335154,37.541878098739765
11620-100004002,,관악구,신림동,조합,신림동 324-25,철거신고,운영,714,신림2재정비촉진구역 주택재개발정비사업조합,관악구 신림동 324-25번지,95797.5,138338.55,제2종주거일반지역 자연녹지지역,재정비촉진지구,58241.2,5434.8,22977.5,1105.7,397.5,,7978.9,공동주택,25.16,248.71,7955,28,7,1252,811,357,84,183,57,,126,,시행단계,정,서울특별시 관악구 신림동 324-25,126.93004127027965,37.465673091067146
11710-100002008,,송파구,거여동,조합,거여동 181,조합해산,운영,1123,거여2재정재정비촉진구역1지구 주택재개발 정비사업조합,송파구 거여동 697번지일대,99175.1,284297.12,제3종일반주거지역,일반미관지구,70394.8,12146.9,6230.9,,7066.4,,3336.1,공동택(아파트) 및 부대시설,18.84,274.9,,33,,1577,552,987,38,368,181,141,46,,완료단계,정,서울특별시 송파구 거여동 697,127.14745421461448,37.49599367091326